student_id,gender,ssc_percentage,hsc_percentage,cgpa,coding_rating,aptitude_score,soft_skills_score,internships,projects_completed,workshops_attended,backlogs,placement_status
STU1001,Female,80.42,71.38,7.81,808,55.0,2.0,0,2,0,0,Placed
STU1002,Male,77.08,85.12,7.57,572,44.7,2.7,0,3,2,0,Placed
STU1003,Female,70.22,74.15,8.49,802,50.8,2.6,1,2,4,0,Placed
STU1004,Female,57.87,55.17,4.55,266,63.1,3.7,0,0,1,0,Not Placed
STU1005,Female,66.15,77.94,7.36,670,86.8,3.1,1,1,2,0,Placed
STU1006,Female,64.37,59.19,5.56,223,59.6,2.9,0,1,1,0,Not Placed
STU1007,Female,66.73,84.75,6.17,645,49.5,3.7,0,2,1,0,Placed
STU1008,Male,79.14,98.0,8.51,667,79.5,3.6,1,3,1,0,Placed
STU1009,Female,46.32,64.67,5.63,426,54.0,2.3,1,1,2,0,Not Placed
STU1010,Male,92.07,63.57,7.7,746,82.9,5.0,2,1,2,0,Placed
STU1011,Female,55.66,65.32,6.02,470,58.8,3.6,3,3,2,0,Placed
STU1012,Female,76.5,68.48,6.95,549,66.5,2.1,0,2,1,0,Placed
STU1013,Male,75.46,83.3,7.87,539,50.8,5.0,1,2,1,0,Placed
STU1014,Male,66.35,65.81,6.67,568,56.0,3.1,2,3,0,0,Placed
STU1015,Male,88.28,89.03,8.05,575,76.1,2.1,0,0,1,0,Placed
STU1016,Female,59.16,45.0,5.87,530,43.5,4.8,0,1,1,0,Not Placed
STU1017,Male,82.09,64.48,7.98,512,100.0,4.5,2,4,3,1,Placed
STU1018,Male,74.79,80.85,8.51,712,84.3,3.4,2,2,1,2,Placed
STU1019,Male,71.36,63.75,6.15,784,44.3,3.0,2,0,1,0,Placed
STU1020,Male,76.46,68.9,7.69,753,63.5,3.0,0,3,1,0,Placed
STU1021,Male,61.98,63.29,6.76,498,61.5,2.9,1,2,1,0,Placed
STU1022,Male,45.0,80.25,6.57,514,65.6,4.1,3,3,3,0,Placed
STU1023,Female,68.54,55.51,7.36,564,94.4,3.6,0,2,3,0,Placed
STU1024,Male,64.97,67.12,5.6,321,64.1,4.6,0,2,3,1,Not Placed
STU1025,Male,72.36,70.91,7.31,405,64.7,4.8,1,2,0,0,Placed
STU1026,Female,54.3,64.1,5.53,398,66.6,4.0,2,3,3,2,Not Placed
STU1027,Male,86.4,81.52,9.01,629,68.7,3.2,3,3,4,1,Placed
STU1028,Male,71.74,60.15,7.9,531,87.5,2.4,0,3,0,1,Placed
STU1029,Male,77.01,58.84,6.31,695,62.0,3.7,0,1,3,3,Not Placed
STU1030,Female,49.73,88.27,5.06,330,85.1,4.9,0,4,1,0,Not Placed
STU1031,Female,67.18,83.83,6.76,522,53.6,3.2,1,0,3,0,Placed
STU1032,Female,67.95,60.81,7.51,666,61.3,4.1,2,3,1,0,Placed
STU1033,Male,71.02,75.51,5.66,579,44.0,1.9,1,1,1,0,Not Placed
STU1034,Male,59.72,62.27,5.26,439,60.1,4.4,2,3,0,0,Placed
STU1035,Female,63.08,87.48,7.54,413,69.3,4.0,0,1,1,1,Placed
STU1036,Male,67.99,64.73,6.33,364,62.5,4.7,0,3,2,0,Placed
STU1037,Male,84.16,66.53,8.11,666,80.1,2.8,2,2,4,0,Placed
STU1038,Female,60.39,58.6,4.5,343,30.0,3.0,2,2,1,0,Not Placed
STU1039,Female,58.59,67.94,6.28,540,58.7,4.1,0,2,0,0,Placed
STU1040,Female,81.91,74.42,7.02,518,69.3,4.3,2,2,2,1,Placed
STU1041,Male,81.8,70.38,7.64,366,83.2,3.3,2,2,2,0,Placed
STU1042,Male,81.4,71.81,7.31,464,75.1,4.3,0,2,0,0,Placed
STU1043,Male,69.13,65.36,6.47,516,54.8,3.9,0,3,1,1,Not Placed
STU1044,Male,74.22,71.07,4.5,223,39.7,4.4,2,2,2,2,Not Placed
STU1045,Male,75.49,74.67,7.01,415,69.7,4.7,2,1,2,1,Placed
STU1046,Female,77.17,68.84,7.98,645,53.2,1.7,1,3,0,0,Placed
STU1047,Male,75.24,48.78,5.87,423,85.4,3.4,0,2,1,0,Not Placed
STU1048,Female,74.57,65.33,8.1,596,81.7,2.4,1,3,4,0,Placed
STU1049,Male,61.86,71.22,6.58,422,79.8,2.3,0,3,1,0,Placed
STU1050,Male,91.7,73.85,8.51,746,76.6,2.8,2,3,1,0,Placed
STU1051,Male,70.34,57.49,6.45,322,51.6,2.8,2,0,1,0,Not Placed
STU1052,Female,60.37,72.26,5.45,515,45.9,4.6,0,1,0,0,Not Placed
STU1053,Male,72.99,62.98,6.99,684,58.4,1.3,1,1,0,0,Placed
STU1054,Male,84.81,71.21,7.47,908,45.4,3.1,0,3,1,1,Placed
STU1055,Male,66.56,72.57,8.76,781,46.2,3.7,1,0,2,0,Placed
STU1056,Male,61.9,98.0,9.0,848,54.2,2.6,0,2,1,0,Placed
STU1057,Female,67.75,84.41,6.59,391,72.6,3.3,0,2,0,0,Placed
STU1058,Male,59.72,74.52,6.56,598,56.6,2.3,1,2,3,1,Not Placed
STU1059,Female,82.12,65.31,6.26,442,84.9,2.7,0,1,1,1,Not Placed
STU1060,Male,83.35,81.83,7.66,330,50.8,3.5,0,0,1,0,Placed
STU1061,Male,90.97,65.04,6.05,339,82.7,3.5,0,0,2,0,Not Placed
STU1062,Female,78.04,83.26,7.45,481,78.9,3.9,0,2,3,0,Placed
STU1063,Male,89.75,63.19,6.81,493,58.8,4.1,3,2,1,3,Placed
STU1064,Male,66.99,73.68,6.16,636,42.9,2.5,0,2,3,0,Not Placed
STU1065,Male,86.01,67.47,7.71,677,50.5,3.2,0,5,3,0,Placed
STU1066,Female,56.62,70.18,5.7,440,79.8,1.6,0,2,1,2,Not Placed
STU1067,Female,77.78,63.33,7.26,450,82.7,3.1,2,1,1,0,Placed
STU1068,Male,79.9,81.0,7.47,713,51.4,3.3,0,1,2,0,Placed
STU1069,Female,88.41,74.92,7.76,400,52.1,4.3,2,5,1,0,Placed
STU1070,Female,86.41,53.64,6.09,530,37.3,3.8,1,2,0,0,Placed
STU1071,Male,67.4,55.09,7.06,366,74.6,2.9,0,3,2,1,Not Placed
STU1072,Male,57.2,51.81,6.78,529,57.7,3.6,1,3,1,0,Placed
STU1073,Male,74.88,61.22,6.49,556,43.4,3.3,2,1,0,1,Not Placed
STU1074,Male,77.24,66.82,6.61,541,63.0,3.6,2,4,2,0,Placed
STU1075,Male,60.33,61.79,5.57,477,63.5,3.1,1,2,1,0,Not Placed
STU1076,Female,64.76,98.0,7.79,532,48.1,3.0,2,0,2,0,Placed
STU1077,Male,76.63,55.67,5.93,601,43.3,2.7,1,2,2,0,Not Placed
STU1078,Female,68.6,81.06,6.34,403,72.3,3.9,2,1,0,0,Placed
STU1079,Male,88.62,59.28,7.33,800,39.6,3.7,2,1,0,3,Not Placed
STU1080,Female,82.74,56.41,9.03,672,80.0,2.8,2,0,1,0,Placed
STU1081,Female,56.47,59.64,6.16,461,61.1,3.7,2,2,3,0,Placed
STU1082,Female,79.64,64.97,6.86,574,76.4,3.3,1,0,3,0,Placed
STU1083,Female,71.46,45.0,4.67,459,62.1,4.2,0,2,1,2,Not Placed
STU1084,Male,49.51,79.39,6.67,480,56.0,2.6,3,2,1,0,Placed
STU1085,Female,58.35,74.55,5.97,341,86.0,3.7,0,1,1,0,Not Placed
STU1086,Male,76.79,91.7,8.21,706,72.0,3.5,2,1,0,0,Placed
STU1087,Female,74.21,70.31,7.37,493,62.7,3.9,0,3,1,1,Placed
STU1088,Female,67.71,69.56,4.93,377,79.9,3.9,2,2,1,3,Not Placed
STU1089,Male,60.09,79.7,5.24,425,61.7,3.6,1,0,1,0,Not Placed
STU1090,Male,84.79,69.54,6.67,570,82.3,4.2,2,2,2,1,Placed
STU1091,Male,73.73,79.92,6.89,577,77.5,4.0,1,2,0,2,Placed
STU1092,Female,76.26,72.74,7.35,359,48.1,3.1,1,1,0,0,Placed
STU1093,Female,83.3,57.04,8.08,604,58.7,4.3,0,2,1,0,Placed
STU1094,Male,73.53,55.67,7.0,333,92.4,3.3,1,2,0,2,Not Placed
STU1095,Male,79.09,85.52,7.97,729,100.0,3.6,1,2,0,0,Placed
STU1096,Female,74.77,81.2,7.38,677,62.3,2.1,1,0,0,0,Placed
STU1097,Female,70.46,86.04,6.96,558,61.2,4.8,0,2,1,0,Placed
STU1098,Female,82.12,73.11,7.68,595,65.1,4.0,0,1,1,0,Placed
STU1099,Male,61.12,81.73,5.63,440,60.2,3.2,2,0,0,2,Not Placed
STU1100,Male,58.42,62.3,5.69,474,71.6,3.6,2,2,2,2,Not Placed
STU1101,Female,73.06,84.65,7.09,539,60.4,4.2,0,1,1,0,Placed
STU1102,Female,63.07,84.39,7.99,429,70.7,3.9,0,2,2,0,Placed
STU1103,Female,55.75,70.68,6.38,369,79.1,3.0,1,2,3,0,Placed
STU1104,Male,64.56,73.32,6.85,578,51.3,3.5,1,0,2,0,Placed
STU1105,Female,63.58,61.35,5.26,446,64.6,1.9,1,3,2,0,Not Placed
STU1106,Male,76.83,71.95,8.03,567,66.2,2.6,0,1,1,0,Placed
STU1107,Male,66.81,76.43,6.55,573,41.1,2.7,1,0,0,0,Not Placed
STU1108,Female,60.44,50.07,6.03,395,53.0,3.3,0,4,2,0,Not Placed
STU1109,Female,68.94,79.95,7.82,403,55.5,2.2,2,2,1,0,Placed
STU1110,Male,68.4,75.27,7.62,883,57.4,3.5,0,0,2,0,Placed
STU1111,Female,74.57,67.96,6.42,678,72.0,4.1,0,3,2,1,Placed
STU1112,Male,59.77,78.78,7.0,679,59.6,4.8,1,2,1,1,Placed
STU1113,Female,56.14,89.69,8.18,631,68.0,4.3,1,4,2,1,Placed
STU1114,Male,59.64,52.64,5.26,392,72.9,2.2,0,3,1,2,Not Placed
STU1115,Male,79.19,67.42,6.62,553,68.0,3.5,1,1,4,0,Placed
STU1116,Female,80.2,56.5,6.95,482,58.3,5.0,1,1,2,0,Placed
STU1117,Male,71.79,90.87,6.9,483,57.3,3.4,0,1,0,0,Placed
STU1118,Male,89.15,85.32,8.6,665,61.9,3.4,0,2,2,0,Placed
STU1119,Female,95.78,85.28,9.94,845,35.0,3.4,1,2,1,0,Placed
STU1120,Male,90.04,71.98,7.37,741,49.0,2.5,2,1,0,0,Placed
STU1121,Male,74.54,57.91,6.24,329,63.2,3.2,2,2,1,0,Placed
STU1122,Male,83.5,64.62,8.4,651,71.5,4.8,0,2,2,1,Placed
STU1123,Male,58.32,87.03,7.2,311,35.4,4.9,1,2,3,0,Placed
STU1124,Female,84.45,77.11,8.52,536,69.9,3.8,1,1,2,0,Placed
STU1125,Male,91.99,75.84,6.69,865,57.0,5.0,3,0,2,0,Placed
STU1126,Female,77.81,68.22,6.21,355,66.5,3.6,2,2,1,0,Placed
STU1127,Female,81.65,66.65,7.5,433,52.6,3.4,1,1,0,1,Placed
STU1128,Male,65.29,66.76,6.55,644,75.0,3.5,3,2,0,1,Placed
STU1129,Female,68.47,71.59,6.36,287,55.9,4.2,0,2,3,1,Not Placed
STU1130,Female,60.98,55.12,5.4,418,59.5,3.9,2,0,1,0,Not Placed
STU1131,Male,69.26,66.98,5.66,884,54.7,2.5,2,3,0,3,Not Placed
STU1132,Male,68.59,60.85,7.47,442,61.3,3.1,3,2,3,0,Placed
STU1133,Male,77.01,78.35,7.58,489,97.6,2.9,2,1,2,0,Placed
STU1134,Male,60.94,67.29,7.34,826,79.2,4.5,1,2,2,0,Placed
STU1135,Male,86.24,74.44,7.01,470,66.7,2.7,1,2,2,0,Placed
STU1136,Male,77.62,54.26,6.5,554,77.5,3.8,1,1,2,0,Placed
STU1137,Female,89.95,47.02,7.37,664,54.7,3.2,1,1,1,0,Placed
STU1138,Male,66.84,64.49,6.88,487,55.2,4.4,0,3,1,0,Placed
STU1139,Male,96.35,73.85,6.42,492,65.1,4.2,0,2,3,0,Placed
STU1140,Male,78.59,60.43,7.9,491,70.7,2.7,1,2,0,0,Placed
STU1141,Male,73.23,61.13,7.92,611,99.5,5.0,1,3,1,2,Placed
STU1142,Male,60.74,69.26,6.92,561,56.1,4.3,1,2,1,0,Placed
STU1143,Male,88.87,68.94,7.67,707,77.1,2.6,1,1,2,0,Placed
STU1144,Female,57.06,60.14,5.67,262,75.1,3.7,3,3,2,0,Placed
STU1145,Female,79.24,83.6,7.02,394,78.7,4.5,0,4,0,0,Placed
STU1146,Male,68.75,59.47,6.69,258,80.5,2.6,0,1,1,0,Not Placed
STU1147,Male,70.1,76.25,7.94,567,54.0,4.6,1,2,2,0,Placed
STU1148,Male,65.83,67.2,7.31,557,64.1,4.0,1,1,1,2,Not Placed
STU1149,Male,83.33,81.46,6.61,749,78.6,1.7,2,1,1,0,Placed
STU1150,Male,72.04,82.55,8.02,774,91.2,3.0,0,2,1,0,Placed
STU1151,Male,70.37,67.25,5.79,552,79.7,4.3,0,2,3,0,Placed
STU1152,Female,65.9,71.04,7.53,568,47.7,2.1,0,2,1,1,Not Placed
STU1153,Female,81.88,90.28,9.42,984,92.2,3.5,1,4,4,2,Placed
STU1154,Male,68.16,67.83,7.45,575,86.0,3.4,1,4,3,0,Placed
STU1155,Male,78.29,80.39,7.91,699,67.3,2.1,1,3,0,1,Placed
STU1156,Female,68.26,69.55,6.64,454,71.6,4.0,0,1,1,1,Not Placed
STU1157,Male,72.24,68.36,6.33,344,68.6,3.7,0,2,1,2,Not Placed
STU1158,Male,88.98,86.47,8.46,825,73.8,3.9,0,3,2,0,Placed
STU1159,Male,58.14,66.21,6.34,585,62.6,1.9,0,2,2,0,Not Placed
STU1160,Male,61.16,66.15,5.96,436,51.2,4.4,0,1,1,0,Not Placed
STU1161,Female,61.01,73.81,6.48,519,36.0,3.8,1,2,2,1,Not Placed
STU1162,Male,70.47,73.31,9.06,704,100.0,4.3,0,2,2,1,Placed
STU1163,Female,45.0,86.59,5.39,584,69.1,3.1,1,2,1,0,Placed
STU1164,Male,60.57,66.87,6.29,408,64.7,3.5,0,2,1,0,Not Placed
STU1165,Male,67.94,77.27,8.45,592,93.0,4.4,1,3,3,0,Placed
STU1166,Male,85.7,73.11,7.87,583,68.4,2.7,0,1,3,0,Placed
STU1167,Male,79.01,53.66,6.18,631,54.7,2.9,0,1,2,0,Not Placed
STU1168,Male,92.01,62.8,8.69,596,57.7,3.9,3,4,2,1,Placed
STU1169,Male,78.25,78.62,7.87,483,76.8,3.0,1,3,3,0,Placed
STU1170,Male,77.46,76.12,8.01,796,95.7,2.8,0,3,0,0,Placed
STU1171,Female,77.03,64.93,7.19,373,50.0,3.2,2,1,4,0,Placed
STU1172,Female,98.0,98.0,9.21,738,68.0,3.2,3,2,2,0,Placed
STU1173,Male,71.63,83.16,7.38,581,83.7,3.4,2,4,1,0,Placed
STU1174,Male,77.23,76.79,8.67,620,65.9,3.7,0,2,2,0,Placed
STU1175,Female,71.65,90.4,9.22,691,67.0,3.5,2,1,2,0,Placed
STU1176,Male,70.31,67.02,8.38,709,92.9,3.1,2,2,2,0,Placed
STU1177,Male,62.84,69.62,5.75,329,45.9,2.9,1,0,1,0,Not Placed
STU1178,Male,74.34,69.71,7.67,437,79.7,1.9,0,0,0,0,Placed
STU1179,Female,71.41,81.0,7.05,641,30.0,2.5,0,2,2,0,Placed
STU1180,Female,80.63,75.95,7.57,582,77.0,3.5,1,2,2,0,Placed
STU1181,Male,69.6,69.43,7.34,811,79.7,2.9,0,0,3,2,Not Placed
STU1182,Male,80.33,65.86,8.34,618,72.0,2.2,1,0,0,0,Placed
STU1183,Male,79.65,64.02,7.2,500,90.0,3.4,1,5,0,0,Placed
STU1184,Male,75.47,45.0,4.93,509,66.4,3.6,4,2,1,2,Not Placed
STU1185,Female,70.25,66.06,5.76,305,57.4,3.2,0,3,2,1,Not Placed
STU1186,Male,81.08,70.31,7.17,636,72.4,3.9,1,2,1,0,Placed
STU1187,Male,65.27,64.37,5.98,534,55.1,3.7,2,4,4,0,Placed
STU1188,Male,77.94,77.13,7.46,588,52.9,3.8,1,0,1,0,Placed
STU1189,Female,74.1,74.93,6.79,808,53.6,4.5,2,1,1,1,Placed
STU1190,Female,78.27,77.3,8.29,627,56.2,5.0,3,1,2,0,Placed
STU1191,Male,59.39,84.23,6.87,576,45.9,3.1,1,2,1,2,Not Placed
STU1192,Female,64.81,73.44,6.39,293,66.3,2.7,1,2,1,0,Not Placed
STU1193,Female,98.0,85.08,8.35,673,38.0,3.4,1,2,2,0,Placed
STU1194,Male,69.78,66.46,6.95,371,51.5,4.4,0,5,2,0,Placed
STU1195,Female,71.18,70.68,7.04,696,45.6,3.4,1,2,1,1,Placed
STU1196,Male,71.25,72.03,7.82,691,76.3,3.4,3,1,1,0,Placed
STU1197,Male,61.88,71.76,6.45,406,53.8,4.9,0,3,2,0,Placed
STU1198,Female,72.74,76.81,8.03,762,80.7,3.4,1,1,2,0,Placed
STU1199,Female,76.85,83.93,7.08,676,72.3,4.8,2,0,0,1,Placed
STU1200,Male,64.97,72.26,7.5,478,54.5,2.7,1,2,1,1,Placed
STU1201,Female,70.21,61.11,6.31,461,66.6,3.8,0,1,2,0,Not Placed
STU1202,Male,67.73,74.71,6.31,355,30.0,1.0,1,2,0,0,Not Placed
STU1203,Male,71.62,71.18,8.1,804,87.8,3.3,1,2,1,1,Placed
STU1204,Male,89.1,73.59,7.97,720,61.0,3.4,1,3,2,0,Placed
STU1205,Male,75.43,49.77,5.26,576,79.4,3.8,1,5,0,1,Placed
STU1206,Male,83.43,69.95,6.81,714,30.0,4.5,2,1,2,0,Placed
STU1207,Female,68.45,65.09,7.03,615,66.6,3.8,1,1,1,0,Placed
STU1208,Male,70.35,91.61,9.3,717,100.0,4.7,2,4,4,1,Placed
STU1209,Female,72.53,87.34,8.63,501,65.4,2.7,1,1,1,0,Placed
STU1210,Female,82.54,77.31,7.66,880,43.3,4.9,0,0,2,1,Placed
STU1211,Male,67.66,61.11,7.35,635,69.9,4.3,0,1,2,0,Placed
STU1212,Male,63.36,70.93,6.61,484,84.3,4.3,1,1,3,0,Placed
STU1213,Female,77.01,86.05,8.94,833,93.6,5.0,0,2,1,0,Placed
STU1214,Male,65.71,75.69,6.89,457,51.4,2.5,0,2,0,0,Not Placed
STU1215,Male,66.32,50.9,6.7,516,67.4,3.7,1,3,0,0,Placed
STU1216,Male,74.96,51.8,8.03,912,81.7,4.3,0,2,1,1,Placed
STU1217,Male,59.55,78.83,7.14,521,85.9,4.3,1,2,4,0,Placed
STU1218,Male,83.46,77.05,7.14,464,69.9,2.3,2,2,1,0,Placed
STU1219,Female,71.55,73.54,8.85,519,66.9,3.5,1,2,1,3,Placed
STU1220,Female,85.91,86.11,7.91,575,59.1,2.3,3,3,0,0,Placed
STU1221,Male,88.89,77.2,7.18,557,50.4,3.5,1,0,1,0,Placed
STU1222,Male,65.78,69.47,7.12,420,49.1,4.2,2,2,0,0,Placed
STU1223,Female,76.47,71.66,6.6,570,53.0,3.1,2,3,0,0,Placed
STU1224,Male,84.14,66.11,7.78,424,72.8,3.9,2,1,3,1,Placed
STU1225,Female,72.0,73.96,7.05,401,79.9,3.9,1,2,1,0,Placed
STU1226,Male,58.18,62.11,6.14,622,89.5,3.9,0,2,1,0,Placed
STU1227,Female,51.56,62.06,5.63,315,51.4,4.2,1,1,0,0,Not Placed
STU1228,Female,80.26,87.94,10.0,755,95.2,3.9,0,3,1,0,Placed
STU1229,Male,64.66,66.35,5.91,369,44.9,3.0,2,1,3,1,Not Placed
STU1230,Male,66.35,74.29,6.16,671,87.2,2.1,0,2,2,1,Not Placed
STU1231,Male,73.36,82.77,10.0,940,78.4,3.2,3,3,1,0,Placed
STU1232,Female,76.36,72.51,8.43,829,89.5,4.0,1,4,1,0,Placed
STU1233,Female,67.53,52.92,5.76,537,67.8,3.7,2,2,0,0,Placed
STU1234,Male,47.3,63.64,5.73,547,57.9,3.9,0,2,2,0,Not Placed
STU1235,Female,70.45,74.25,7.24,681,43.7,3.4,0,5,0,0,Placed
STU1236,Female,72.51,82.25,7.88,558,97.6,3.6,4,1,2,0,Placed
STU1237,Female,65.77,65.79,6.64,497,92.9,4.2,1,1,3,1,Placed
STU1238,Male,66.62,71.62,5.58,336,55.0,3.6,1,1,1,0,Not Placed
STU1239,Female,86.07,73.3,7.99,729,53.8,4.0,0,1,0,0,Placed
STU1240,Male,60.24,55.5,6.46,159,65.1,2.8,1,2,3,0,Not Placed
STU1241,Male,69.55,77.02,8.43,537,100.0,4.4,1,3,4,3,Placed
STU1242,Female,70.59,90.14,8.27,631,81.9,3.5,2,3,1,1,Placed
STU1243,Male,57.36,59.06,5.25,158,79.2,3.7,3,2,1,0,Placed
STU1244,Female,63.91,70.46,6.37,502,63.0,4.1,1,0,3,0,Placed
STU1245,Female,89.33,59.64,7.37,602,38.2,2.6,2,3,3,3,Not Placed
STU1246,Female,68.84,73.1,6.96,608,84.9,5.0,2,4,2,0,Placed
STU1247,Female,88.36,61.64,7.68,762,74.2,4.1,1,1,2,2,Placed
STU1248,Male,98.0,68.98,9.41,775,100.0,2.5,0,2,3,0,Placed
STU1249,Male,78.53,69.26,7.65,567,62.8,2.4,2,2,1,0,Placed
STU1250,Male,72.89,70.35,6.18,612,91.5,3.2,1,2,1,0,Placed
STU1251,Female,63.61,56.37,6.16,522,67.9,2.9,0,4,0,0,Placed
STU1252,Female,52.05,63.15,6.66,611,50.3,2.9,0,4,0,2,Not Placed
STU1253,Male,74.29,76.86,7.14,379,64.2,2.9,0,1,0,0,Placed
STU1254,Male,65.72,78.91,6.91,712,56.5,3.2,0,1,1,0,Placed
STU1255,Male,63.23,77.66,6.86,494,55.1,3.4,2,2,1,0,Placed
STU1256,Male,72.08,73.9,7.32,397,78.4,3.9,1,5,1,0,Placed
STU1257,Female,61.7,76.67,7.53,491,80.2,2.9,0,4,2,0,Placed
STU1258,Female,66.38,56.25,7.11,697,85.7,5.0,3,3,0,0,Placed
STU1259,Male,86.55,69.73,8.13,560,98.8,2.6,0,2,1,0,Placed
STU1260,Male,84.81,56.2,6.35,396,48.2,3.9,0,2,2,2,Not Placed
STU1261,Male,79.11,75.35,7.01,526,52.6,3.9,1,2,0,0,Placed
STU1262,Female,71.53,67.1,7.48,519,69.3,4.8,3,3,0,1,Placed
STU1263,Male,57.09,70.89,7.71,746,95.5,5.0,1,3,1,0,Placed
STU1264,Male,76.98,89.9,8.27,449,90.0,2.4,1,1,1,0,Placed
STU1265,Female,74.26,68.17,7.65,814,74.2,3.0,1,4,2,0,Placed
STU1266,Male,69.11,65.75,7.5,612,59.7,3.2,2,2,1,0,Placed
STU1267,Female,69.43,61.65,6.19,531,30.0,2.6,2,2,2,0,Placed
STU1268,Male,75.73,51.55,8.12,654,58.4,2.6,0,1,2,0,Placed
STU1269,Female,63.87,74.93,6.59,591,40.9,3.7,2,2,0,0,Placed
STU1270,Female,62.34,81.28,6.66,458,67.5,3.7,4,2,3,0,Placed
STU1271,Female,70.78,75.98,7.5,333,76.7,2.1,1,2,2,1,Placed
STU1272,Female,71.88,81.44,7.5,610,62.4,2.5,0,3,1,0,Placed
STU1273,Female,66.89,58.46,7.13,370,72.4,3.1,0,1,1,1,Not Placed
STU1274,Male,68.63,61.01,7.12,619,65.1,2.8,2,1,1,0,Placed
STU1275,Male,81.34,59.16,7.31,558,80.1,2.9,2,2,1,0,Placed
STU1276,Male,75.65,80.74,6.24,378,48.6,3.7,1,3,1,0,Placed
STU1277,Female,80.49,70.26,7.57,522,69.4,2.6,2,0,2,0,Placed
STU1278,Female,70.44,72.04,7.37,689,80.0,3.6,2,1,2,0,Placed
STU1279,Female,69.56,74.79,6.42,610,76.0,4.8,0,1,2,0,Placed
STU1280,Female,81.66,69.71,8.18,578,84.7,5.0,3,2,1,1,Placed
STU1281,Female,67.36,66.42,5.91,592,89.4,3.9,0,2,0,4,Not Placed
STU1282,Female,87.68,72.08,7.31,633,50.3,3.2,0,2,2,0,Placed
STU1283,Female,70.79,84.89,8.77,863,92.7,4.3,0,1,0,0,Placed
STU1284,Male,65.86,68.93,6.55,417,79.8,3.7,0,4,1,0,Placed
STU1285,Female,80.09,55.93,7.01,592,41.1,3.4,0,1,1,3,Not Placed
STU1286,Male,77.52,74.0,8.22,671,75.2,2.8,2,0,2,0,Placed
STU1287,Female,77.01,79.08,6.77,595,68.6,3.3,2,1,1,3,Not Placed
STU1288,Male,83.11,54.09,6.01,298,77.6,4.3,0,4,0,0,Placed
STU1289,Female,69.75,63.74,6.13,557,83.1,3.7,2,5,0,2,Placed
STU1290,Male,79.97,72.44,7.13,732,54.4,2.3,1,2,4,0,Placed
STU1291,Male,71.13,65.31,6.5,432,49.7,4.5,1,3,1,3,Not Placed
STU1292,Female,83.23,87.83,9.52,557,93.2,3.9,0,5,0,0,Placed
STU1293,Male,73.54,82.14,8.06,510,80.4,2.8,0,2,2,0,Placed
STU1294,Male,76.87,70.01,6.46,405,56.3,4.4,0,2,4,0,Placed
STU1295,Male,60.2,73.98,6.05,381,47.1,2.4,0,3,1,0,Not Placed
STU1296,Female,69.33,82.9,7.54,558,71.9,3.9,1,3,0,0,Placed
STU1297,Female,63.86,77.58,7.32,388,78.7,4.0,3,3,1,1,Placed
STU1298,Female,77.68,68.39,6.32,496,95.1,4.1,2,2,1,2,Placed
STU1299,Male,71.86,64.28,5.98,574,73.1,2.9,1,5,3,1,Placed
STU1300,Female,83.29,67.77,8.11,730,62.9,2.2,0,3,3,0,Placed
STU1301,Female,76.75,84.66,7.88,727,49.6,1.5,1,4,1,0,Placed
STU1302,Male,65.64,80.08,6.21,410,39.4,4.2,2,1,2,1,Not Placed
STU1303,Male,81.61,82.97,8.64,871,79.7,4.1,0,3,2,0,Placed
STU1304,Male,74.32,65.29,7.87,474,85.7,2.5,1,1,2,1,Placed
STU1305,Female,81.36,65.15,9.43,656,69.9,4.4,0,1,2,1,Placed
STU1306,Female,85.76,60.93,6.53,351,43.1,3.2,2,4,1,0,Placed
STU1307,Male,78.03,81.73,7.38,668,59.5,3.4,1,1,1,0,Placed
STU1308,Male,71.08,73.19,8.22,579,61.9,2.7,1,2,2,0,Placed
STU1309,Male,83.29,75.42,7.08,631,74.3,3.8,0,1,1,0,Placed
STU1310,Male,91.13,69.57,8.14,639,62.8,2.7,2,2,2,2,Placed
STU1311,Male,93.3,56.65,6.75,628,57.0,5.0,2,2,2,0,Placed
STU1312,Female,76.74,82.36,8.41,639,90.0,3.2,0,0,2,1,Placed
STU1313,Male,82.37,78.3,7.39,267,70.4,2.4,3,3,0,0,Placed
STU1314,Male,89.26,76.54,7.31,518,68.2,4.1,1,2,1,0,Placed
STU1315,Male,63.75,58.15,6.13,321,58.9,3.2,3,1,2,0,Placed
STU1316,Female,63.23,74.21,6.39,386,54.0,3.4,1,3,1,3,Not Placed
STU1317,Female,87.78,59.94,7.29,458,84.5,3.2,1,1,0,0,Placed
STU1318,Female,66.9,87.2,8.31,592,53.1,4.1,1,1,1,1,Placed
STU1319,Male,78.5,49.53,7.51,366,84.2,3.5,1,1,0,0,Placed
STU1320,Male,69.95,75.03,7.04,507,41.7,2.3,0,2,2,0,Placed
STU1321,Male,66.75,77.22,7.13,565,65.9,4.1,2,2,2,0,Placed
STU1322,Female,63.33,72.4,6.44,648,71.4,4.5,2,3,0,0,Placed
STU1323,Female,76.01,72.01,8.35,674,91.2,3.7,1,2,3,0,Placed
STU1324,Female,55.49,73.31,6.06,538,63.7,2.2,0,2,1,0,Not Placed
STU1325,Female,82.97,53.72,6.47,460,46.1,3.4,0,4,2,3,Not Placed
STU1326,Male,68.06,75.99,6.92,546,61.6,3.7,0,4,1,0,Placed
STU1327,Male,81.28,68.82,7.23,428,79.8,2.2,0,2,0,0,Placed
STU1328,Female,78.67,58.6,5.62,623,44.2,3.4,2,2,1,0,Placed
STU1329,Male,74.53,73.8,7.07,490,70.8,4.2,1,1,1,1,Placed
STU1330,Male,65.68,71.0,7.64,793,72.6,3.5,1,1,2,0,Placed
STU1331,Male,72.17,76.92,8.5,627,69.8,3.4,1,2,1,0,Placed
STU1332,Female,76.61,65.02,7.61,456,75.7,2.1,0,2,1,1,Placed
STU1333,Male,66.41,65.72,6.32,533,70.4,5.0,1,2,0,0,Placed
STU1334,Female,89.48,74.68,7.81,613,61.2,3.5,1,3,3,1,Placed
STU1335,Male,70.45,72.38,6.57,499,71.4,2.2,1,2,2,1,Not Placed
STU1336,Male,80.09,79.34,8.15,878,64.4,5.0,1,1,2,1,Placed
STU1337,Male,87.07,70.72,7.62,502,62.5,3.9,1,1,3,0,Placed
STU1338,Male,65.42,53.28,4.74,478,39.4,3.6,1,1,1,0,Not Placed
STU1339,Female,81.49,57.25,6.93,413,61.9,3.0,0,2,1,0,Placed
STU1340,Female,86.25,94.08,9.37,741,97.8,4.9,1,0,1,0,Placed
STU1341,Male,86.23,68.52,6.49,484,32.8,2.4,2,2,1,0,Placed
STU1342,Female,71.91,72.8,6.45,421,63.3,4.0,0,1,0,0,Not Placed
STU1343,Female,66.45,78.79,6.43,429,61.7,3.2,0,1,2,2,Not Placed
STU1344,Female,70.24,84.81,8.38,920,61.5,3.2,1,1,0,0,Placed
STU1345,Female,92.19,63.96,8.21,502,57.6,1.5,1,3,2,3,Not Placed
STU1346,Male,70.49,68.66,7.18,594,33.8,1.6,1,1,1,2,Not Placed
STU1347,Male,76.23,62.77,7.95,725,72.3,3.2,3,2,1,2,Placed
STU1348,Female,63.55,47.96,5.04,393,52.4,1.9,0,1,1,0,Not Placed
STU1349,Male,85.66,62.06,6.81,393,65.7,2.5,0,2,2,0,Placed
STU1350,Female,80.39,60.62,8.82,669,72.1,4.1,1,0,2,0,Placed
STU1351,Male,60.54,80.37,8.04,925,64.9,2.7,1,0,1,0,Placed
STU1352,Female,71.73,83.85,7.85,753,58.4,3.0,1,1,2,0,Placed
STU1353,Male,74.76,75.28,6.99,509,74.6,3.9,0,2,1,0,Placed
STU1354,Male,74.64,63.56,4.5,350,63.1,2.7,1,3,1,0,Not Placed
STU1355,Male,71.22,66.4,7.24,443,55.0,2.9,0,2,1,2,Not Placed
STU1356,Male,87.05,85.26,9.13,702,56.4,3.0,0,3,1,0,Placed
STU1357,Female,80.03,63.11,6.9,707,70.1,3.9,2,1,2,0,Placed
STU1358,Male,76.28,76.74,7.38,671,64.5,4.6,0,2,3,0,Placed
STU1359,Female,67.03,73.61,8.31,682,52.8,1.9,1,0,0,0,Placed
STU1360,Female,70.29,69.24,5.89,584,69.6,3.8,0,2,3,0,Placed
STU1361,Male,68.78,65.84,6.83,511,48.8,2.1,0,2,4,0,Not Placed
STU1362,Male,87.68,66.76,8.2,791,56.5,2.7,1,2,2,0,Placed
STU1363,Male,76.14,58.82,6.34,566,61.6,3.5,2,3,1,0,Placed
STU1364,Female,83.26,65.9,8.31,662,68.7,4.1,0,2,1,0,Placed
STU1365,Male,71.7,59.1,6.09,542,50.6,3.8,2,4,2,0,Placed
STU1366,Female,76.23,59.41,7.09,496,60.2,4.6,1,1,2,0,Placed
STU1367,Male,66.24,68.46,7.24,626,61.0,2.2,0,1,1,0,Placed
STU1368,Female,83.66,69.84,7.86,514,89.8,1.9,0,3,0,0,Placed
STU1369,Female,80.2,51.17,7.55,736,67.9,4.9,1,3,0,0,Placed
STU1370,Male,83.74,68.6,7.33,482,57.3,4.5,0,4,1,0,Placed
STU1371,Male,87.68,55.74,7.25,627,57.3,3.0,0,1,0,1,Not Placed
STU1372,Male,74.87,57.78,6.0,404,67.4,3.7,0,2,3,4,Not Placed
STU1373,Male,62.94,56.52,6.08,416,65.0,5.0,2,3,2,0,Placed
STU1374,Female,69.12,74.6,7.93,542,58.1,3.8,1,1,0,0,Placed
STU1375,Male,83.35,48.72,6.32,480,68.7,4.1,0,2,0,0,Placed
STU1376,Male,92.08,72.55,8.33,568,67.7,2.3,1,2,1,0,Placed
STU1377,Female,66.2,84.13,8.26,744,97.3,4.1,0,3,1,0,Placed
STU1378,Male,80.06,56.2,5.59,407,57.4,4.3,1,0,3,0,Not Placed
STU1379,Female,88.25,79.52,9.34,794,91.1,3.2,1,3,2,0,Placed
STU1380,Male,64.51,94.96,8.32,642,68.7,2.5,0,2,1,0,Placed
STU1381,Female,68.43,72.64,6.57,429,41.4,3.8,2,1,0,0,Placed
STU1382,Male,83.32,69.88,7.24,652,79.5,3.5,1,3,1,1,Placed
STU1383,Male,76.33,88.26,8.78,651,89.8,3.3,1,3,4,0,Placed
STU1384,Female,69.8,78.81,7.71,839,96.2,3.7,1,1,1,0,Placed
STU1385,Male,81.61,72.42,8.2,733,61.5,3.2,2,0,1,2,Placed
STU1386,Female,74.14,63.47,7.44,422,38.1,2.7,1,1,2,0,Placed
STU1387,Male,73.71,59.92,7.02,437,85.5,2.3,0,2,2,0,Placed
STU1388,Male,71.52,73.0,6.78,515,53.3,3.5,0,3,1,0,Placed
STU1389,Male,73.94,78.96,7.31,614,83.5,4.0,0,2,0,0,Placed
STU1390,Male,80.97,80.56,6.92,556,71.5,4.5,2,1,0,1,Placed
STU1391,Female,85.12,78.76,7.54,644,59.0,4.5,0,1,4,0,Placed
STU1392,Male,74.34,72.64,7.57,522,50.1,4.5,2,1,0,2,Placed
STU1393,Female,73.21,68.35,6.94,490,61.6,3.6,0,2,1,0,Placed
STU1394,Male,71.81,63.98,6.74,507,44.5,2.9,0,1,1,1,Not Placed
STU1395,Male,71.77,68.82,6.54,574,75.9,2.6,2,0,3,0,Placed
STU1396,Male,77.03,69.26,6.67,744,53.9,3.4,1,2,3,0,Placed
STU1397,Male,67.49,79.52,7.76,703,56.2,4.4,0,5,1,1,Placed
STU1398,Female,86.68,57.16,8.19,673,69.3,4.0,2,2,0,0,Placed
STU1399,Female,67.44,64.39,6.62,588,95.4,3.2,0,2,1,0,Placed
STU1400,Female,78.09,62.81,6.77,391,96.5,5.0,3,1,3,2,Placed
STU1401,Male,77.26,68.25,6.6,742,59.3,2.2,2,2,1,0,Placed
STU1402,Female,79.81,66.42,7.38,524,77.0,4.7,1,1,1,0,Placed
STU1403,Female,62.82,82.99,6.36,519,43.1,2.7,1,3,1,0,Placed
STU1404,Male,72.66,68.09,6.93,667,62.5,1.1,2,0,3,3,Not Placed
STU1405,Male,67.49,80.84,7.43,706,90.8,3.8,1,1,2,1,Placed
STU1406,Male,85.0,56.39,6.2,468,63.1,3.3,4,2,1,1,Placed
STU1407,Male,70.33,67.44,6.68,641,53.9,4.9,1,2,2,0,Placed
STU1408,Male,77.78,59.43,6.79,475,70.3,1.6,1,1,1,0,Placed
STU1409,Female,70.94,62.81,6.1,503,48.8,1.9,2,3,0,0,Placed
STU1410,Male,62.76,68.39,6.8,395,77.9,3.3,1,3,3,0,Placed
STU1411,Male,76.76,64.93,6.89,419,55.1,4.8,1,2,0,0,Placed
STU1412,Female,72.28,82.18,8.34,538,100.0,3.6,0,2,1,0,Placed
STU1413,Female,72.92,83.84,7.09,452,67.6,3.3,0,2,0,1,Placed
STU1414,Female,65.76,93.61,8.76,728,83.6,4.6,1,2,1,1,Placed
STU1415,Male,52.14,57.88,6.06,530,50.4,4.1,0,2,1,0,Not Placed
STU1416,Female,70.63,83.3,6.48,479,56.9,3.3,1,2,4,0,Placed
STU1417,Female,80.7,69.22,6.96,480,30.0,3.1,1,1,1,0,Placed
STU1418,Male,78.35,83.64,7.53,269,71.0,3.5,1,1,2,1,Placed
STU1419,Male,66.06,82.19,7.33,562,70.3,4.1,2,1,1,0,Placed
STU1420,Female,63.78,84.83,7.29,553,72.5,4.1,0,2,3,1,Placed
STU1421,Male,57.79,53.36,4.85,353,57.5,2.7,2,3,1,1,Not Placed
STU1422,Male,76.44,86.16,8.64,442,49.2,5.0,0,0,4,0,Placed
STU1423,Male,62.16,79.46,7.96,476,66.2,2.8,0,2,1,0,Placed
STU1424,Female,74.29,79.12,8.74,825,79.5,1.8,1,0,1,0,Placed
STU1425,Female,71.16,56.69,6.46,440,81.6,2.4,3,2,0,1,Placed
STU1426,Female,71.6,69.86,8.18,568,65.6,3.3,1,0,1,0,Placed
STU1427,Male,64.47,91.47,7.57,666,65.7,4.2,1,1,0,0,Placed
STU1428,Female,65.72,69.34,6.34,582,76.4,4.5,0,1,0,0,Placed
STU1429,Male,80.22,79.05,7.79,562,83.9,3.8,0,2,1,1,Placed
STU1430,Female,65.45,88.75,7.43,410,30.0,3.0,2,2,0,1,Placed
STU1431,Male,57.9,74.6,6.4,371,63.2,4.1,2,2,3,0,Placed
STU1432,Female,77.49,47.91,6.08,485,46.6,3.6,1,1,2,0,Not Placed
STU1433,Male,79.85,52.11,6.07,629,65.2,2.5,1,2,2,0,Placed
STU1434,Male,62.6,86.98,6.3,380,37.3,4.1,1,1,2,0,Not Placed
STU1435,Male,59.15,71.24,5.53,467,61.7,3.1,3,0,0,1,Not Placed
STU1436,Male,57.82,70.58,7.66,721,92.9,2.4,1,0,0,0,Placed
STU1437,Male,66.68,66.59,6.37,404,31.9,2.7,0,4,1,3,Not Placed
STU1438,Male,98.0,71.64,8.14,676,66.8,4.2,1,0,2,1,Placed
STU1439,Female,77.37,63.98,6.83,421,58.0,4.2,1,2,2,0,Placed
STU1440,Male,89.53,60.38,9.06,1000,71.4,3.1,0,0,2,0,Placed
STU1441,Female,84.86,78.0,7.38,647,71.8,2.4,1,1,1,0,Placed
STU1442,Male,77.85,83.78,6.71,417,65.0,4.4,1,2,1,3,Not Placed
STU1443,Female,81.18,78.23,7.81,552,64.0,1.2,4,3,1,0,Placed
STU1444,Male,56.29,73.12,6.78,520,46.0,2.4,0,0,1,1,Not Placed
STU1445,Male,56.53,73.44,4.71,512,57.2,2.9,0,4,2,1,Not Placed
STU1446,Male,66.5,71.12,9.19,841,83.5,2.5,0,0,1,1,Placed
STU1447,Male,68.68,91.32,8.39,666,81.1,4.5,0,2,2,0,Placed
STU1448,Male,78.58,49.15,6.2,528,82.4,5.0,0,2,4,1,Placed
STU1449,Male,68.03,64.24,6.54,403,46.9,2.5,0,1,1,0,Not Placed
STU1450,Female,62.93,67.82,6.29,362,80.0,4.8,0,4,1,0,Placed
STU1451,Female,94.11,76.27,7.22,339,35.6,4.2,2,1,1,0,Placed
STU1452,Male,74.91,51.9,6.24,330,65.8,4.2,1,1,1,0,Not Placed
STU1453,Male,76.33,72.97,6.93,572,62.6,4.0,0,0,3,0,Placed
STU1454,Female,62.35,56.83,7.11,720,80.6,4.4,2,2,4,2,Placed
STU1455,Male,49.54,75.32,5.08,188,52.8,4.3,2,3,1,0,Not Placed
STU1456,Female,65.84,76.64,8.98,818,73.4,4.4,1,4,2,0,Placed
STU1457,Male,73.32,62.33,5.69,237,56.9,3.1,0,2,1,0,Not Placed
STU1458,Male,57.72,50.26,5.08,315,45.4,1.9,1,2,3,0,Not Placed
STU1459,Female,75.89,51.07,6.28,489,87.9,3.1,1,2,3,0,Placed
STU1460,Male,55.47,49.48,6.08,556,66.4,3.4,1,3,2,0,Placed
STU1461,Male,78.09,85.82,9.09,614,71.4,3.8,1,3,0,0,Placed
STU1462,Female,68.9,70.27,6.29,467,33.7,3.2,1,5,0,0,Placed
STU1463,Male,85.87,83.49,8.03,517,56.8,2.0,0,2,3,0,Placed
STU1464,Female,50.5,74.42,7.44,638,73.5,3.9,0,1,2,0,Placed
STU1465,Female,74.46,65.25,5.55,437,62.7,4.9,1,3,4,0,Placed
STU1466,Female,67.67,67.25,7.48,406,69.2,2.4,0,1,0,0,Placed
STU1467,Male,51.37,79.43,6.9,555,76.4,2.6,2,0,1,0,Placed
STU1468,Male,60.41,51.27,4.5,459,55.8,2.3,0,2,1,0,Not Placed
STU1469,Female,78.62,71.62,5.55,434,39.5,2.5,0,0,1,0,Not Placed
STU1470,Male,61.56,84.2,6.74,508,66.5,2.3,0,1,2,0,Placed
STU1471,Male,79.15,84.66,9.3,780,73.0,4.3,0,3,2,0,Placed
STU1472,Female,80.38,87.25,7.99,634,88.9,2.7,1,1,0,0,Placed
STU1473,Female,70.41,74.44,7.12,317,58.1,3.9,1,2,3,0,Placed
STU1474,Male,68.39,73.87,6.9,375,74.5,3.4,0,2,0,0,Placed
STU1475,Male,76.86,78.88,8.61,571,78.3,2.4,1,1,4,1,Placed
STU1476,Female,45.0,72.46,4.59,232,48.5,4.8,2,1,1,0,Not Placed
STU1477,Female,80.24,81.57,10.0,800,96.4,3.7,2,0,1,0,Placed
STU1478,Female,65.41,72.4,6.77,524,59.7,1.6,0,1,2,0,Not Placed
STU1479,Male,66.79,49.2,5.8,427,34.2,3.9,2,2,2,0,Not Placed
STU1480,Female,74.95,66.76,7.65,534,83.7,3.7,0,4,1,1,Placed
STU1481,Male,84.45,57.78,8.93,802,60.3,2.0,0,2,2,0,Placed
STU1482,Male,86.85,77.07,8.83,1000,74.7,3.9,1,4,1,2,Placed
STU1483,Female,73.93,80.14,7.57,775,66.9,3.8,0,2,1,0,Placed
STU1484,Female,64.36,68.13,5.58,288,83.6,3.0,3,0,3,0,Placed
STU1485,Female,66.52,96.76,8.66,743,67.6,2.6,2,2,2,0,Placed
STU1486,Male,78.73,77.49,6.73,588,62.3,3.8,2,1,3,0,Placed
STU1487,Male,67.1,62.24,5.44,322,66.1,2.8,0,1,2,0,Not Placed
STU1488,Male,89.35,66.55,8.51,703,63.8,3.6,3,3,1,3,Placed
STU1489,Female,69.6,64.51,6.72,562,60.4,3.9,0,1,1,0,Placed
STU1490,Male,63.81,79.82,7.54,679,81.1,3.1,1,1,1,0,Placed
STU1491,Female,81.37,68.49,7.24,438,57.3,5.0,4,2,0,0,Placed
STU1492,Male,66.45,53.45,6.35,459,49.5,3.3,1,3,1,0,Placed
STU1493,Female,66.36,66.1,7.22,529,84.6,3.6,1,2,0,0,Placed
STU1494,Male,53.57,53.83,6.01,409,77.6,4.8,1,2,1,0,Placed
STU1495,Female,86.25,79.28,5.92,592,63.7,2.9,2,5,1,2,Placed
STU1496,Female,78.35,73.87,6.02,509,65.6,3.5,3,3,0,0,Placed
STU1497,Male,57.72,64.05,6.1,412,66.3,4.2,1,0,2,1,Not Placed
STU1498,Male,70.23,70.58,7.66,604,95.7,3.1,1,2,3,0,Placed
STU1499,Female,72.67,75.54,6.97,927,87.5,4.0,1,2,3,0,Placed
STU1500,Female,81.26,79.0,6.64,415,65.9,3.7,0,3,0,0,Placed
STU1501,Male,80.49,64.59,7.01,693,81.6,3.1,2,1,0,1,Placed
STU1502,Female,79.55,55.19,6.35,671,59.2,3.2,1,3,0,0,Placed
STU1503,Male,60.68,90.39,7.92,665,71.3,4.0,2,2,2,0,Placed
STU1504,Male,72.69,64.59,6.55,525,77.0,1.9,1,1,1,1,Not Placed
STU1505,Female,73.28,59.97,6.61,490,67.2,3.0,2,1,1,0,Placed
STU1506,Male,66.14,52.06,7.13,657,65.9,3.3,0,3,1,0,Placed
STU1507,Male,86.07,76.6,8.17,434,79.8,3.2,2,1,1,0,Placed
STU1508,Female,81.27,66.78,7.9,741,68.0,2.9,1,0,1,0,Placed
STU1509,Male,68.22,93.22,5.97,392,68.3,3.8,1,3,1,0,Placed
STU1510,Female,76.44,79.34,7.38,637,67.9,3.9,4,1,0,0,Placed
STU1511,Female,69.8,68.89,6.75,582,59.5,4.6,0,5,1,0,Placed
STU1512,Female,73.93,73.87,7.88,505,65.3,3.0,4,2,0,0,Placed
STU1513,Male,78.78,78.72,7.56,564,100.0,2.5,0,5,1,0,Placed
STU1514,Male,80.95,54.96,6.57,702,52.4,3.2,2,2,1,0,Placed
STU1515,Male,64.45,70.86,6.81,477,64.0,4.4,1,1,0,0,Placed
STU1516,Female,82.17,68.11,7.32,513,61.7,3.3,0,3,2,1,Placed
STU1517,Female,64.73,70.52,5.88,658,30.0,2.9,0,2,3,0,Not Placed
STU1518,Male,70.0,70.71,5.55,351,50.1,4.7,1,1,2,0,Not Placed
STU1519,Female,64.36,55.87,5.19,345,66.8,2.7,1,2,4,0,Not Placed
STU1520,Female,71.48,72.37,8.66,746,58.9,4.6,0,3,1,0,Placed
STU1521,Male,63.76,83.02,7.36,752,39.3,2.5,0,1,1,0,Placed
STU1522,Male,80.97,59.21,7.52,536,60.9,2.5,4,2,1,0,Placed
STU1523,Male,68.4,61.13,5.12,396,44.5,4.4,1,2,1,1,Not Placed
STU1524,Female,64.48,67.98,9.18,842,67.1,3.8,2,0,2,0,Placed
STU1525,Male,76.09,58.15,7.07,762,58.0,2.9,2,2,1,0,Placed
STU1526,Female,56.25,75.41,6.65,543,54.6,2.0,1,1,4,1,Not Placed
STU1527,Female,58.98,66.9,6.4,374,42.7,3.0,1,2,0,0,Not Placed
STU1528,Male,64.45,73.81,7.05,515,69.7,4.3,2,2,1,0,Placed
STU1529,Male,75.18,77.71,8.06,516,55.4,3.2,1,0,0,0,Placed
STU1530,Female,69.12,64.25,7.91,375,66.6,3.5,2,0,2,1,Placed
STU1531,Male,62.93,82.18,8.87,854,73.0,3.1,0,3,3,0,Placed
STU1532,Female,79.42,66.51,7.74,550,88.3,4.5,0,2,1,1,Placed
STU1533,Male,76.33,75.37,8.43,640,71.6,4.6,1,2,3,0,Placed
STU1534,Female,92.53,64.83,8.57,631,66.9,2.0,0,4,2,1,Placed
STU1535,Female,66.08,51.93,5.97,619,46.1,5.0,1,3,0,1,Placed
STU1536,Male,80.93,64.1,7.86,606,92.8,4.3,0,1,3,2,Placed
STU1537,Female,73.57,58.83,8.19,696,86.8,1.8,1,2,2,0,Placed
STU1538,Female,79.48,54.79,5.97,463,37.8,2.6,2,2,0,0,Not Placed
STU1539,Female,73.88,64.25,5.99,567,57.5,3.8,0,2,4,1,Not Placed
STU1540,Female,65.53,52.06,5.49,553,56.4,2.9,1,3,2,0,Not Placed
STU1541,Male,89.67,51.44,7.48,531,99.6,2.9,1,2,3,3,Placed
STU1542,Female,77.45,79.72,7.3,614,78.7,3.9,3,1,2,0,Placed
STU1543,Male,70.18,65.1,6.65,446,80.2,2.4,0,2,0,1,Not Placed
STU1544,Female,69.41,86.19,7.07,615,72.9,4.0,0,2,3,0,Placed
STU1545,Male,77.84,70.38,6.86,704,55.1,2.3,1,3,1,0,Placed
STU1546,Male,74.58,93.93,10.0,784,99.8,3.3,2,0,1,0,Placed
STU1547,Male,54.43,90.93,6.29,435,60.3,4.4,3,3,0,0,Placed
STU1548,Male,74.73,72.21,8.47,842,85.0,2.4,3,1,3,0,Placed
STU1549,Male,64.35,91.44,6.76,885,64.5,3.0,2,2,2,0,Placed
STU1550,Male,80.07,71.91,7.36,455,100.0,3.4,0,2,2,0,Placed
STU1551,Female,75.94,65.8,8.43,798,76.0,3.9,1,1,3,0,Placed
STU1552,Female,59.67,67.67,6.09,501,63.0,2.3,2,0,2,0,Placed
STU1553,Female,90.66,63.68,7.9,662,80.2,2.5,1,4,1,0,Placed
STU1554,Female,80.95,67.04,7.25,375,85.0,3.2,0,0,2,0,Placed
STU1555,Male,81.86,66.79,7.03,596,94.5,3.2,0,3,0,1,Placed
STU1556,Female,69.63,65.41,5.9,469,64.0,2.9,1,1,2,1,Not Placed
STU1557,Male,81.05,61.75,6.37,451,63.0,2.0,1,2,1,0,Placed
STU1558,Male,74.95,86.53,8.6,794,60.4,2.8,0,2,3,0,Placed
STU1559,Male,88.23,57.9,6.64,506,68.9,3.6,0,1,1,0,Placed
STU1560,Male,72.34,78.44,8.36,728,88.5,4.3,0,1,1,0,Placed
STU1561,Male,63.1,63.69,5.8,306,55.3,5.0,2,1,0,1,Not Placed
STU1562,Female,82.21,78.43,8.43,666,80.2,4.3,1,3,4,0,Placed
STU1563,Female,81.83,68.3,6.94,382,54.6,3.9,0,0,0,0,Not Placed
STU1564,Female,76.16,85.39,7.57,491,49.2,2.5,0,1,1,0,Placed
STU1565,Male,81.46,84.01,9.15,691,88.4,2.7,0,2,2,0,Placed
STU1566,Female,66.09,45.0,6.31,335,45.8,2.9,0,2,1,0,Not Placed
STU1567,Female,77.21,58.37,6.56,371,51.3,3.8,0,3,1,0,Placed
STU1568,Female,63.67,83.96,8.04,646,75.1,4.2,0,1,3,0,Placed
STU1569,Female,69.57,65.14,6.4,684,89.5,3.1,1,3,2,1,Placed
STU1570,Female,69.13,87.92,7.64,546,74.6,4.5,0,2,4,0,Placed
STU1571,Male,93.0,72.58,7.99,684,84.9,2.0,0,0,1,0,Placed
STU1572,Male,72.05,80.02,7.45,615,75.8,3.1,0,2,1,0,Placed
STU1573,Female,62.28,74.63,7.06,505,81.5,4.2,2,4,2,0,Placed
STU1574,Female,87.64,52.45,7.37,662,50.2,3.8,2,0,2,0,Placed
STU1575,Female,62.88,74.26,6.93,455,69.6,2.8,1,0,1,1,Not Placed
STU1576,Female,82.2,85.0,7.85,658,74.2,2.7,1,2,3,1,Placed
STU1577,Male,73.36,71.23,7.89,351,80.7,3.9,4,1,0,1,Placed
STU1578,Female,75.32,67.82,6.3,354,51.8,2.7,0,2,2,0,Not Placed
STU1579,Female,73.56,69.25,6.96,691,85.2,2.9,1,1,1,1,Placed
STU1580,Female,85.78,57.56,6.73,573,62.3,3.7,0,3,2,0,Placed
STU1581,Male,83.07,77.67,6.7,499,65.4,3.7,2,2,1,1,Placed
STU1582,Female,75.2,72.47,6.6,638,60.1,3.7,1,1,1,1,Placed
STU1583,Female,82.74,45.0,4.83,274,41.3,2.8,1,2,1,1,Not Placed
STU1584,Female,69.81,57.01,6.35,604,37.5,2.8,1,0,2,1,Not Placed
STU1585,Male,81.19,61.94,6.43,542,42.4,3.3,1,2,1,0,Placed
STU1586,Male,83.03,64.64,8.85,660,79.1,3.8,1,1,2,1,Placed
STU1587,Male,56.16,73.04,7.18,524,85.3,3.2,1,1,1,0,Placed
STU1588,Male,80.99,69.47,6.11,497,73.1,4.3,0,3,3,0,Placed
STU1589,Male,79.16,77.08,8.38,569,54.5,3.0,2,3,1,1,Placed
STU1590,Female,61.39,69.63,5.72,488,67.5,3.0,2,2,1,0,Placed
STU1591,Male,92.79,63.98,7.74,436,84.4,2.6,1,3,2,0,Placed
STU1592,Male,77.41,84.29,7.85,599,60.5,3.3,1,3,0,2,Placed
STU1593,Male,74.22,61.97,6.35,256,36.2,4.0,1,2,0,1,Not Placed
STU1594,Male,55.45,81.1,6.57,599,68.0,3.7,0,1,1,0,Placed
STU1595,Male,79.21,83.27,8.04,658,84.1,3.8,0,2,1,0,Placed
STU1596,Male,77.41,87.56,7.45,514,67.5,2.7,0,0,1,0,Placed
STU1597,Male,74.63,92.81,8.12,946,65.5,3.0,1,3,1,0,Placed
STU1598,Female,80.06,97.62,7.26,819,70.0,2.5,1,4,1,0,Placed
STU1599,Female,65.97,98.0,10.0,790,59.9,3.6,2,2,1,0,Placed
STU1600,Male,88.23,75.08,7.54,554,61.6,3.8,0,2,1,0,Placed
STU1601,Female,66.2,85.14,7.22,645,66.4,2.6,0,5,1,0,Placed
STU1602,Male,67.35,55.18,7.04,554,83.5,2.8,1,3,2,1,Placed
STU1603,Female,70.12,66.44,8.31,698,61.0,2.4,1,3,2,0,Placed
STU1604,Female,72.07,68.65,5.21,472,46.1,3.7,0,1,3,0,Not Placed
STU1605,Female,67.28,86.53,7.78,751,61.0,4.0,2,3,1,0,Placed
STU1606,Male,81.38,59.59,6.04,478,49.8,2.6,1,2,0,0,Not Placed
STU1607,Male,65.99,66.64,5.25,379,64.3,4.6,4,2,1,0,Placed
STU1608,Male,85.74,64.01,7.73,594,83.5,3.2,4,1,2,0,Placed
STU1609,Female,77.81,64.77,6.98,671,63.5,3.5,0,0,1,0,Placed
STU1610,Female,69.01,71.99,7.05,625,57.4,4.5,0,2,2,0,Placed
STU1611,Male,72.49,75.25,7.44,694,79.9,3.7,2,4,2,0,Placed
STU1612,Female,68.78,67.79,7.02,563,53.8,4.9,0,1,3,0,Placed
STU1613,Female,86.28,76.65,7.52,555,62.6,3.7,2,1,1,0,Placed
STU1614,Male,78.26,48.26,5.79,378,83.2,3.0,1,1,0,0,Not Placed
STU1615,Male,74.11,63.0,5.83,380,58.5,4.3,1,2,1,1,Not Placed
STU1616,Male,49.18,80.94,6.52,408,82.1,2.6,0,1,1,0,Not Placed
STU1617,Female,71.0,66.6,5.36,408,66.7,2.9,0,1,3,1,Not Placed
STU1618,Female,62.87,45.0,4.81,311,30.0,2.5,1,2,0,0,Not Placed
STU1619,Male,72.66,70.93,7.28,657,58.5,3.1,2,4,1,1,Placed
STU1620,Male,81.97,69.34,7.74,622,78.0,3.9,0,2,2,0,Placed
STU1621,Male,82.05,90.34,8.48,561,63.5,3.3,0,3,3,0,Placed
STU1622,Male,73.63,64.81,7.55,553,69.4,5.0,1,4,4,4,Not Placed
STU1623,Female,77.62,72.45,8.77,593,79.1,4.2,1,2,4,0,Placed
STU1624,Female,77.12,82.64,8.16,539,96.0,4.0,2,3,4,2,Placed
STU1625,Male,57.99,72.98,7.42,640,67.3,2.3,1,2,1,0,Placed
STU1626,Female,70.0,57.44,6.28,613,78.9,3.0,0,1,1,1,Not Placed
STU1627,Male,82.46,60.78,7.87,573,61.7,3.4,0,2,1,0,Placed
STU1628,Female,62.46,75.53,5.68,561,52.4,4.2,0,1,2,0,Not Placed
STU1629,Female,58.18,68.73,6.75,262,68.5,3.7,0,1,0,0,Not Placed
STU1630,Female,69.25,61.95,5.78,100,84.0,3.5,2,4,0,0,Placed
STU1631,Female,64.1,76.38,6.0,385,42.3,3.7,2,1,1,0,Not Placed
STU1632,Male,55.03,68.08,6.22,295,35.3,3.8,0,1,2,0,Not Placed
STU1633,Male,63.46,66.17,6.11,449,62.5,3.5,2,3,1,0,Placed
STU1634,Male,74.72,56.56,6.48,531,69.9,1.7,0,4,1,0,Placed
STU1635,Female,91.27,47.15,7.15,676,56.3,3.4,0,2,1,2,Not Placed
STU1636,Male,70.09,69.08,6.61,389,65.3,3.8,3,1,1,0,Placed
STU1637,Male,66.4,69.22,7.3,478,70.5,3.8,1,2,0,2,Placed
STU1638,Male,75.42,81.25,7.61,466,39.8,2.4,1,2,2,0,Placed
STU1639,Male,81.79,74.34,8.15,504,96.8,2.6,1,2,2,0,Placed
STU1640,Male,67.66,53.49,5.73,606,62.1,3.0,0,3,2,0,Not Placed
STU1641,Male,63.41,65.4,7.0,520,73.2,3.0,1,1,3,0,Placed
STU1642,Male,45.0,71.41,4.5,221,58.8,3.7,2,1,1,0,Not Placed
STU1643,Male,86.3,77.52,8.19,527,70.2,1.9,1,0,0,2,Placed
STU1644,Female,68.76,70.4,6.39,474,69.8,3.4,2,3,0,0,Placed
STU1645,Male,62.78,67.63,7.72,703,64.8,3.1,1,1,0,0,Placed
STU1646,Female,81.95,52.8,5.93,316,71.6,3.0,0,0,0,1,Not Placed
STU1647,Female,67.29,75.76,7.86,687,82.9,3.5,0,2,1,2,Placed
STU1648,Female,75.48,75.78,7.23,597,57.2,4.4,0,1,1,2,Not Placed
STU1649,Male,68.67,75.33,6.63,580,50.4,4.1,0,3,2,0,Placed
STU1650,Male,68.2,84.1,7.98,622,30.0,2.9,2,1,4,0,Placed
STU1651,Female,60.77,45.0,5.04,292,34.7,2.3,0,3,1,0,Not Placed
STU1652,Female,61.93,80.6,7.24,727,77.1,3.5,1,3,1,1,Placed
STU1653,Female,81.51,73.92,7.64,667,69.4,3.7,3,2,3,1,Placed
STU1654,Male,62.02,55.41,4.5,306,45.1,3.0,0,3,1,0,Not Placed
STU1655,Female,68.65,62.85,6.09,300,49.0,3.0,0,2,0,1,Not Placed
STU1656,Male,68.83,65.46,6.81,585,40.4,2.7,3,1,0,1,Placed
STU1657,Female,72.7,76.85,7.48,686,47.2,3.9,0,3,0,3,Not Placed
STU1658,Male,61.43,74.7,6.68,322,74.7,2.2,0,2,3,1,Not Placed
STU1659,Female,81.74,84.51,8.27,785,57.4,3.7,1,0,0,0,Placed
STU1660,Male,84.25,71.04,7.62,461,99.9,2.6,3,2,1,0,Placed
STU1661,Male,94.4,76.0,7.75,712,74.3,4.3,0,4,2,0,Placed
STU1662,Female,67.71,54.94,7.3,486,66.7,3.7,2,2,2,0,Placed
STU1663,Male,57.97,74.59,6.6,680,90.5,3.0,0,3,2,2,Not Placed
STU1664,Female,82.33,62.25,7.54,709,73.2,3.0,0,4,2,0,Placed
STU1665,Male,84.0,57.57,8.04,723,72.5,2.8,0,3,3,0,Placed
STU1666,Female,72.73,69.43,8.23,727,49.5,3.3,2,1,1,0,Placed
STU1667,Male,82.88,66.17,7.65,531,77.1,3.7,2,1,3,0,Placed
STU1668,Female,76.58,65.12,6.88,653,62.1,4.2,1,2,2,0,Placed
STU1669,Female,85.7,70.66,8.18,640,69.1,3.5,1,5,2,2,Placed
STU1670,Male,63.8,74.54,9.31,438,91.1,1.8,1,2,0,0,Placed
STU1671,Male,57.58,74.55,6.35,249,74.8,4.3,2,1,2,1,Not Placed
STU1672,Female,66.35,59.5,5.85,498,96.8,3.3,2,0,1,0,Placed
STU1673,Male,59.67,75.15,5.85,554,73.1,3.9,3,4,4,1,Placed
STU1674,Female,70.71,76.97,7.99,743,43.3,2.8,1,1,2,0,Placed
STU1675,Male,76.78,65.28,6.73,548,57.8,3.0,0,3,2,0,Placed
STU1676,Female,84.79,91.38,9.93,666,81.8,4.1,1,3,0,0,Placed
STU1677,Female,85.43,79.08,9.51,550,79.6,2.4,1,2,2,1,Placed
STU1678,Female,54.28,61.79,6.01,391,64.9,3.7,0,3,3,1,Not Placed
STU1679,Male,87.51,48.25,6.75,526,80.9,3.9,2,5,1,0,Placed
STU1680,Female,59.04,68.15,6.5,628,46.3,3.3,0,4,2,0,Placed
STU1681,Female,81.5,82.92,8.62,502,62.6,3.1,4,1,4,0,Placed
STU1682,Female,56.9,70.54,4.76,607,39.8,4.8,0,3,2,0,Not Placed
STU1683,Female,77.49,81.47,6.15,699,45.0,2.2,4,2,1,0,Placed
STU1684,Female,63.01,78.52,6.82,716,74.1,5.0,1,1,2,0,Placed
STU1685,Female,69.72,58.22,6.62,575,59.0,2.9,0,1,2,1,Not Placed
STU1686,Female,59.11,62.42,6.53,507,77.7,3.2,2,4,0,3,Not Placed
STU1687,Male,86.88,68.03,5.98,292,49.2,2.9,0,1,1,0,Not Placed
STU1688,Female,61.63,81.91,7.51,421,72.8,1.9,1,1,2,0,Placed
STU1689,Male,57.67,71.11,6.27,490,43.8,3.0,0,3,2,0,Not Placed
STU1690,Female,60.6,75.8,7.06,580,87.8,2.7,0,3,0,0,Placed
STU1691,Female,60.43,70.96,5.48,332,59.3,3.1,2,4,3,0,Placed
STU1692,Male,55.6,63.34,6.25,534,63.7,4.0,1,3,0,3,Not Placed
STU1693,Male,62.42,66.82,6.47,507,51.0,5.0,1,3,2,0,Placed
STU1694,Female,45.0,65.44,4.93,503,56.4,3.9,2,1,0,0,Not Placed
STU1695,Female,66.91,65.41,6.35,546,57.5,3.3,0,2,3,0,Placed
STU1696,Male,58.76,77.66,6.52,501,57.3,1.0,1,1,1,0,Not Placed
STU1697,Female,67.45,73.07,7.88,614,89.5,3.7,0,1,0,0,Placed
STU1698,Female,66.64,77.52,6.97,786,65.2,3.6,1,4,1,0,Placed
STU1699,Male,71.34,60.67,7.0,424,42.1,3.3,2,2,2,2,Not Placed
STU1700,Female,65.43,76.47,6.98,234,45.1,3.3,2,2,0,0,Placed
STU1701,Male,79.34,77.66,7.83,577,62.9,1.4,1,1,2,0,Placed
STU1702,Female,76.04,57.6,6.55,639,91.7,2.9,2,1,3,2,Placed
STU1703,Male,75.93,72.4,7.17,276,68.5,3.7,2,2,1,1,Placed
STU1704,Male,56.32,69.03,5.31,433,87.9,3.5,1,2,2,2,Not Placed
STU1705,Female,67.62,52.5,6.05,670,86.9,3.0,2,2,2,0,Placed
STU1706,Female,81.48,60.95,7.17,610,75.4,2.7,3,2,1,0,Placed
STU1707,Female,72.52,83.69,7.85,558,65.4,4.1,0,3,1,0,Placed
STU1708,Female,60.86,53.91,6.61,548,50.2,2.9,1,2,1,0,Placed
STU1709,Female,76.15,79.48,8.53,755,88.2,4.0,0,1,1,0,Placed
STU1710,Male,65.82,75.67,6.62,552,65.8,3.1,1,3,0,0,Placed
STU1711,Male,77.07,64.68,7.17,595,46.3,4.3,2,1,0,0,Placed
STU1712,Male,61.38,76.61,7.29,392,54.9,4.7,2,2,3,1,Placed
STU1713,Male,74.11,71.43,7.8,731,70.2,2.9,1,1,4,1,Placed
STU1714,Male,55.65,71.64,6.37,568,50.5,3.5,2,3,4,0,Placed
STU1715,Male,67.58,50.7,5.63,305,77.8,5.0,1,2,1,0,Placed
STU1716,Female,82.01,65.0,7.09,522,80.0,3.8,0,2,1,0,Placed
STU1717,Male,67.23,62.64,6.42,600,52.8,4.2,0,0,0,0,Not Placed
STU1718,Male,50.97,74.2,6.67,568,76.9,3.3,0,0,0,0,Placed
STU1719,Male,71.98,59.6,6.76,385,48.8,4.3,0,2,3,0,Not Placed
STU1720,Male,53.63,57.45,5.26,346,46.7,1.8,0,2,1,1,Not Placed
STU1721,Male,71.95,66.76,7.3,715,66.0,5.0,2,4,4,2,Placed
STU1722,Female,75.67,67.81,5.56,570,54.6,3.5,1,2,0,0,Placed
STU1723,Female,66.82,53.04,5.02,501,82.5,1.9,0,3,1,1,Not Placed
STU1724,Male,74.88,75.95,7.79,794,88.2,2.5,1,3,1,0,Placed
STU1725,Female,66.7,67.83,7.29,598,74.7,3.6,2,4,1,1,Placed
STU1726,Male,78.0,57.82,7.53,593,56.3,3.0,0,3,1,1,Placed
STU1727,Female,70.95,73.37,7.82,410,76.6,5.0,0,5,1,3,Placed
STU1728,Female,85.48,81.29,7.48,706,82.0,2.7,1,3,1,0,Placed
STU1729,Female,72.61,63.6,6.96,738,42.9,4.8,0,1,0,1,Placed
STU1730,Male,70.64,54.25,6.72,537,70.2,4.2,1,0,0,0,Placed
STU1731,Female,82.39,77.93,7.8,398,57.4,3.0,0,3,2,0,Placed
STU1732,Male,77.3,73.06,7.43,570,100.0,3.1,0,3,1,0,Placed
STU1733,Male,62.49,65.41,6.77,623,66.7,3.7,1,2,0,1,Placed
STU1734,Male,53.52,68.48,7.21,772,81.7,3.6,0,2,1,1,Placed
STU1735,Female,74.66,65.18,7.18,615,96.0,4.7,1,2,0,2,Placed
STU1736,Female,67.54,65.79,5.6,407,54.3,3.1,1,1,2,0,Not Placed
STU1737,Female,60.26,48.26,5.9,286,60.4,3.5,3,1,2,0,Placed
STU1738,Female,75.03,57.76,7.6,662,79.7,3.3,0,5,0,0,Placed
STU1739,Male,68.9,59.34,6.61,414,70.1,2.4,0,2,1,0,Not Placed
STU1740,Female,62.63,79.62,6.19,559,52.3,2.3,1,1,0,4,Not Placed
STU1741,Male,94.23,63.48,8.58,717,90.4,2.2,2,1,0,1,Placed
STU1742,Female,73.38,90.61,8.61,701,95.8,3.2,1,0,4,0,Placed
STU1743,Female,89.55,79.37,8.58,654,68.9,3.7,0,2,2,0,Placed
STU1744,Female,72.32,52.97,6.01,588,46.4,4.7,1,1,0,2,Not Placed
STU1745,Female,71.02,69.97,7.65,444,81.8,2.8,2,4,1,0,Placed
STU1746,Male,84.47,67.76,8.02,623,75.0,4.6,0,1,2,0,Placed
STU1747,Female,64.0,71.88,5.85,283,73.0,4.7,1,1,0,0,Not Placed
STU1748,Female,80.52,71.57,7.32,564,45.9,2.7,0,2,2,0,Placed
STU1749,Female,60.67,64.39,6.31,459,47.4,5.0,0,2,1,0,Not Placed
STU1750,Female,68.39,45.0,5.56,382,37.2,4.2,0,3,0,0,Not Placed
STU1751,Female,77.45,62.7,7.52,700,72.6,3.3,1,3,2,0,Placed
STU1752,Male,84.24,67.0,7.41,410,79.5,3.2,2,1,1,1,Placed
STU1753,Female,74.0,59.23,6.94,704,72.4,3.7,1,2,2,0,Placed
STU1754,Male,89.61,66.28,8.1,665,56.9,5.0,0,1,1,0,Placed
STU1755,Female,71.94,82.44,7.66,848,63.5,3.1,0,2,0,1,Placed
STU1756,Female,77.06,67.12,6.18,656,74.8,3.3,1,2,1,1,Placed
STU1757,Female,62.33,55.79,5.95,688,89.1,3.6,0,1,1,0,Placed
STU1758,Male,81.82,76.83,6.86,337,58.1,3.6,2,4,3,1,Placed
STU1759,Male,58.72,98.0,6.6,534,51.0,3.6,0,1,1,0,Placed
STU1760,Male,64.62,63.62,7.11,514,50.2,3.9,0,3,4,0,Placed
STU1761,Female,75.78,72.09,6.84,593,57.1,1.9,1,2,1,1,Placed
STU1762,Female,63.36,85.41,7.82,711,54.2,3.9,1,1,2,0,Placed
STU1763,Male,89.95,71.2,7.79,585,58.7,2.5,0,5,3,1,Placed
STU1764,Male,78.98,79.88,8.9,893,100.0,4.9,1,2,0,0,Placed
STU1765,Male,47.41,79.1,6.79,581,79.5,3.4,1,1,1,0,Placed
STU1766,Female,70.99,69.13,7.06,534,79.4,2.9,2,2,2,0,Placed
STU1767,Male,60.76,66.47,6.4,443,69.1,4.3,0,2,1,0,Placed
STU1768,Female,64.96,73.44,5.6,250,88.6,1.4,2,1,2,0,Not Placed
STU1769,Male,72.75,45.0,6.59,593,59.6,3.4,0,2,1,0,Placed
STU1770,Male,67.44,71.08,8.66,629,49.6,4.3,1,3,0,0,Placed
STU1771,Male,78.2,64.08,7.87,438,59.8,3.8,2,2,0,0,Placed
STU1772,Female,78.27,56.53,5.71,707,69.7,3.5,3,1,2,1,Placed
STU1773,Male,82.31,81.33,8.67,673,88.3,3.0,1,0,2,0,Placed
STU1774,Female,80.25,57.11,6.8,685,73.6,3.3,0,2,2,0,Placed
STU1775,Female,76.06,67.87,6.22,620,72.3,4.1,1,2,1,2,Not Placed
STU1776,Male,73.02,89.13,8.42,463,65.6,3.0,3,2,2,0,Placed
STU1777,Male,68.58,67.03,6.44,754,76.8,4.0,1,3,1,0,Placed
STU1778,Male,76.35,68.89,6.96,439,52.0,5.0,2,1,0,0,Placed
STU1779,Female,98.0,75.9,9.61,753,63.8,2.8,0,3,3,0,Placed
STU1780,Male,66.77,69.53,7.08,512,68.2,4.2,0,3,3,0,Placed
STU1781,Female,65.15,81.34,6.96,737,46.8,3.5,1,1,0,0,Placed
STU1782,Male,62.15,79.08,7.13,457,75.8,1.6,1,3,1,1,Placed
STU1783,Female,64.23,62.73,5.64,393,54.5,3.3,0,0,1,0,Not Placed
STU1784,Female,56.63,47.47,5.09,420,61.1,4.1,2,2,0,0,Not Placed
STU1785,Female,78.8,76.7,8.49,676,46.4,3.8,2,2,1,0,Placed
STU1786,Male,70.1,84.82,8.92,544,100.0,4.3,1,3,1,0,Placed
STU1787,Female,45.0,70.28,5.4,451,63.3,4.1,1,2,1,0,Not Placed
STU1788,Female,79.45,65.26,7.68,502,95.0,2.4,0,2,0,0,Placed
STU1789,Female,69.92,88.19,7.08,646,57.4,4.5,1,2,1,1,Placed
STU1790,Male,62.76,80.86,7.43,591,74.2,3.5,0,2,1,0,Placed
STU1791,Female,57.83,87.43,9.12,701,83.5,3.0,2,1,3,0,Placed
STU1792,Female,75.53,61.94,7.08,613,57.8,3.6,2,3,3,3,Placed
STU1793,Male,81.3,79.37,6.99,466,78.0,3.4,2,1,1,0,Placed
STU1794,Male,82.74,58.43,7.01,469,100.0,4.5,0,0,1,1,Placed
STU1795,Male,75.93,84.21,6.45,464,63.1,2.8,1,1,1,2,Not Placed
STU1796,Male,92.37,66.55,6.56,497,67.4,4.1,0,1,3,0,Placed
STU1797,Female,72.27,61.84,7.11,511,87.3,3.7,1,1,3,0,Placed
STU1798,Male,60.59,69.82,7.12,590,83.3,4.2,2,2,1,0,Placed
STU1799,Male,61.85,70.47,6.13,323,70.9,3.4,0,0,1,0,Not Placed
STU1800,Male,60.95,58.04,5.66,477,55.2,1.9,0,1,2,0,Not Placed
STU1801,Female,72.05,65.13,5.62,435,45.4,3.6,2,1,1,0,Not Placed
STU1802,Female,73.51,71.37,6.53,529,67.8,4.1,0,2,3,0,Placed
STU1803,Female,64.98,70.61,7.92,764,30.0,2.5,2,2,0,0,Placed
STU1804,Male,71.55,57.97,6.25,128,60.5,4.4,1,0,1,0,Not Placed
STU1805,Female,85.92,51.44,6.55,480,53.2,2.3,0,5,3,0,Placed
STU1806,Male,73.08,88.07,8.8,675,73.7,3.0,3,2,4,1,Placed
STU1807,Female,48.56,78.69,5.74,433,45.2,2.0,1,2,4,0,Not Placed
STU1808,Male,64.89,82.62,6.57,569,88.9,3.2,0,4,1,0,Placed
STU1809,Male,86.18,66.8,7.3,486,60.1,4.9,0,0,1,0,Placed
STU1810,Male,59.19,76.85,7.41,583,59.8,4.0,2,2,2,0,Placed
STU1811,Male,79.12,69.81,7.16,537,69.1,4.4,1,3,2,0,Placed
STU1812,Male,71.9,79.3,7.18,707,60.2,2.9,1,2,0,0,Placed
STU1813,Male,83.61,77.29,7.35,469,45.0,4.6,1,1,1,0,Placed
STU1814,Female,62.14,72.29,6.0,529,78.9,3.7,3,2,2,0,Placed
STU1815,Male,67.3,69.56,5.85,416,52.5,4.8,1,2,0,1,Not Placed
STU1816,Male,75.66,71.24,7.9,469,66.1,3.8,0,2,1,0,Placed
STU1817,Female,72.28,66.38,7.06,619,64.2,2.6,0,2,3,0,Placed
STU1818,Female,84.01,70.51,7.58,541,88.3,3.5,0,0,1,0,Placed
STU1819,Male,77.29,71.92,5.58,629,70.2,2.1,1,3,2,1,Not Placed
STU1820,Male,68.31,64.69,7.14,401,77.5,4.7,1,2,1,0,Placed
STU1821,Male,67.57,60.47,6.28,438,47.7,3.9,0,2,1,0,Not Placed
STU1822,Female,83.39,60.49,8.88,769,90.8,3.3,1,1,4,0,Placed
STU1823,Male,63.39,84.0,7.15,589,58.0,2.9,1,1,2,1,Placed
STU1824,Female,69.23,80.41,8.48,581,60.3,4.1,1,2,3,1,Placed
STU1825,Male,61.31,94.5,7.15,697,62.0,3.6,2,1,0,0,Placed
STU1826,Male,74.26,45.0,6.43,322,64.9,5.0,0,3,2,0,Placed
STU1827,Female,87.07,84.04,9.77,861,56.3,2.5,3,1,2,0,Placed
STU1828,Male,74.87,77.98,7.04,590,67.9,4.0,2,3,0,0,Placed
STU1829,Female,77.75,89.2,8.94,634,58.9,4.0,0,1,2,2,Placed
STU1830,Male,78.93,57.58,6.09,495,46.3,2.8,0,0,1,0,Not Placed
STU1831,Male,74.2,60.93,7.18,623,55.1,3.1,0,4,3,0,Placed
STU1832,Male,90.65,49.13,7.92,694,90.6,2.0,1,2,0,0,Placed
STU1833,Male,79.28,65.74,7.96,647,68.9,4.2,2,1,1,1,Placed
STU1834,Female,77.79,64.42,8.86,827,93.6,2.8,2,0,4,2,Placed
STU1835,Female,83.57,76.76,8.62,648,77.0,3.6,1,2,1,0,Placed
STU1836,Female,75.84,70.5,7.53,375,38.6,3.2,1,3,1,0,Placed
STU1837,Female,62.96,74.96,7.45,684,100.0,2.1,1,1,1,0,Placed
STU1838,Female,74.88,88.06,9.23,590,34.3,2.5,0,3,2,0,Placed
STU1839,Male,81.43,72.77,7.37,505,61.5,4.6,1,1,0,0,Placed
STU1840,Male,71.63,59.71,7.05,510,57.0,1.6,2,1,2,0,Placed
STU1841,Female,69.17,69.92,7.97,517,61.1,3.1,0,1,4,0,Placed
STU1842,Male,59.7,84.55,8.6,935,66.1,2.4,1,1,1,0,Placed
STU1843,Male,74.46,65.91,6.82,697,34.2,3.5,1,0,1,0,Placed
STU1844,Male,68.26,82.92,7.45,608,42.6,2.4,3,4,2,0,Placed
STU1845,Male,77.6,59.69,5.7,531,58.0,3.2,0,2,2,0,Not Placed
STU1846,Female,59.8,73.26,5.77,391,66.5,4.2,2,4,0,0,Placed
STU1847,Female,79.01,74.27,6.96,517,48.4,4.2,1,2,2,1,Placed
STU1848,Male,64.5,65.96,6.48,583,46.7,3.7,1,4,1,1,Placed
STU1849,Male,79.96,66.68,6.8,467,72.7,3.7,2,1,3,0,Placed
STU1850,Male,70.15,67.63,7.06,576,53.4,2.0,1,0,2,0,Placed
STU1851,Male,71.8,86.55,8.38,572,67.9,2.4,0,0,1,0,Placed
STU1852,Male,59.65,84.79,6.23,575,67.1,3.2,0,3,1,0,Placed
STU1853,Male,86.25,67.46,7.81,645,99.0,2.8,0,2,2,0,Placed
STU1854,Male,64.49,65.05,6.81,755,87.7,3.8,1,5,0,0,Placed
STU1855,Male,59.43,69.68,5.66,405,55.2,2.0,1,0,1,0,Not Placed
STU1856,Male,76.78,62.14,6.97,637,66.4,2.7,1,3,0,0,Placed
STU1857,Female,66.48,77.82,5.44,415,45.5,2.6,1,2,1,1,Not Placed
STU1858,Male,74.19,58.9,6.28,459,60.6,4.2,0,0,1,3,Not Placed
STU1859,Female,75.54,46.64,6.21,471,69.6,3.9,1,4,2,0,Placed
STU1860,Male,61.34,45.0,6.4,680,90.3,2.7,1,2,1,0,Placed
STU1861,Female,83.24,61.23,5.32,158,80.2,3.9,1,2,1,0,Not Placed
STU1862,Male,67.18,70.85,7.46,773,97.8,2.6,0,3,1,0,Placed
STU1863,Male,61.45,74.94,5.18,252,66.2,3.9,0,2,3,0,Not Placed
STU1864,Male,68.63,78.64,7.56,654,77.4,2.3,4,1,1,0,Placed
STU1865,Male,71.41,75.39,7.21,694,75.4,3.1,3,5,2,2,Placed
STU1866,Male,77.62,90.25,8.4,633,100.0,2.3,1,3,0,1,Placed
STU1867,Male,84.65,64.88,7.37,434,73.0,2.9,0,3,2,0,Placed
STU1868,Male,93.28,45.0,6.87,480,60.7,3.8,2,3,1,0,Placed
STU1869,Female,55.23,68.46,6.0,369,74.2,3.1,3,3,1,1,Placed
STU1870,Female,86.33,73.47,8.42,666,46.5,4.8,1,1,0,1,Placed
STU1871,Male,78.99,91.31,10.0,718,80.0,3.4,0,2,1,0,Placed
STU1872,Male,62.83,79.95,6.54,408,57.5,3.1,0,1,1,0,Not Placed
STU1873,Male,65.36,79.85,7.58,629,86.3,2.6,0,4,1,0,Placed
STU1874,Male,70.44,74.9,6.86,361,66.9,2.6,2,2,1,0,Placed
STU1875,Male,85.95,57.73,8.46,743,71.3,4.2,1,2,1,2,Placed
STU1876,Female,62.62,87.17,7.19,680,57.8,3.3,0,2,3,0,Placed
STU1877,Female,88.38,72.2,8.14,591,61.4,1.8,2,2,2,0,Placed
STU1878,Male,79.33,81.36,8.4,595,82.4,1.8,0,1,2,2,Placed
STU1879,Male,76.83,68.13,6.51,593,69.6,4.1,0,3,1,0,Placed
STU1880,Female,69.53,65.17,6.7,430,68.6,3.7,1,3,1,0,Placed
STU1881,Female,81.94,84.64,8.47,591,62.1,3.1,0,2,0,0,Placed
STU1882,Male,66.21,59.68,6.2,537,79.8,3.3,1,4,1,0,Placed
STU1883,Male,64.92,76.58,6.71,510,70.2,5.0,1,1,1,0,Placed
STU1884,Male,82.49,45.0,6.78,573,75.4,2.8,0,1,2,0,Placed
STU1885,Male,74.38,88.67,8.14,744,66.2,3.9,0,2,1,0,Placed
STU1886,Female,75.98,56.73,6.19,646,50.7,4.6,1,3,4,0,Placed
STU1887,Female,60.56,83.02,7.88,790,77.5,4.2,3,0,1,0,Placed
STU1888,Male,72.42,56.16,5.89,520,47.9,3.8,3,2,1,0,Placed
STU1889,Female,80.17,80.4,8.34,816,67.7,2.6,0,2,3,2,Placed
STU1890,Female,80.54,80.08,8.08,621,63.0,3.7,0,5,1,0,Placed
STU1891,Male,70.77,73.41,6.75,543,52.4,4.3,0,2,3,0,Placed
STU1892,Female,65.13,65.24,5.94,379,59.1,4.5,1,0,0,1,Not Placed
STU1893,Male,86.79,81.77,7.26,464,53.9,4.7,1,1,2,1,Placed
STU1894,Male,81.11,86.75,8.74,685,76.5,3.1,0,3,1,2,Placed
STU1895,Male,58.76,76.02,6.3,619,75.7,4.2,1,2,1,0,Placed
STU1896,Male,86.78,55.85,8.99,629,86.8,2.4,2,2,1,1,Placed
STU1897,Male,64.0,74.02,7.65,620,46.4,3.8,1,1,1,4,Not Placed
STU1898,Male,79.66,86.47,9.17,732,74.3,3.5,0,0,1,0,Placed
STU1899,Female,80.34,71.84,7.37,584,63.0,2.9,1,5,2,1,Placed
STU1900,Female,64.67,60.57,4.65,402,53.4,2.0,0,0,3,0,Not Placed
STU1901,Female,79.56,78.44,8.05,600,66.8,3.3,0,2,4,0,Placed
STU1902,Male,82.62,51.77,6.21,659,77.6,2.9,3,2,3,0,Placed
STU1903,Female,89.64,78.15,7.1,556,79.5,3.9,0,1,1,0,Placed
STU1904,Female,80.5,70.18,7.1,646,44.4,3.0,1,2,0,0,Placed
STU1905,Male,50.67,54.51,5.41,212,60.0,4.3,0,3,1,1,Not Placed
STU1906,Female,78.57,87.22,8.47,697,69.8,3.0,0,1,1,0,Placed
STU1907,Male,68.19,86.34,7.64,739,56.0,3.1,1,2,2,1,Placed
STU1908,Female,63.14,79.0,7.41,763,51.4,4.7,2,1,2,0,Placed
STU1909,Female,87.0,80.23,8.32,790,78.9,3.6,1,1,0,0,Placed
STU1910,Male,70.27,68.48,6.6,356,64.3,3.4,1,1,2,0,Placed
STU1911,Male,66.22,71.46,8.33,686,52.7,3.8,1,2,2,0,Placed
STU1912,Male,68.83,61.63,8.13,595,73.3,1.8,1,2,2,2,Placed
STU1913,Male,49.96,68.09,7.47,384,76.7,3.3,3,3,0,0,Placed
STU1914,Female,66.3,87.46,7.97,501,70.2,3.5,0,3,1,0,Placed
STU1915,Male,78.82,74.42,7.05,341,53.2,4.1,0,2,2,0,Placed
STU1916,Female,80.16,54.98,6.79,479,81.5,4.5,0,3,3,1,Placed
STU1917,Male,69.47,72.62,5.79,467,49.9,3.2,1,3,1,0,Placed
STU1918,Female,72.73,45.6,5.65,390,62.2,4.0,1,1,2,0,Not Placed
STU1919,Male,73.65,67.36,7.86,586,81.0,4.5,2,2,0,0,Placed
STU1920,Female,73.02,68.37,6.63,662,50.8,4.1,1,4,1,1,Placed
STU1921,Male,63.45,58.83,6.4,377,50.2,4.1,0,2,1,1,Not Placed
STU1922,Male,61.35,81.02,7.54,681,86.0,3.1,0,3,2,0,Placed
STU1923,Male,80.88,78.82,6.86,725,59.8,2.9,0,1,2,0,Placed
STU1924,Male,81.31,71.07,6.91,420,62.0,3.7,2,1,0,0,Placed
STU1925,Female,65.22,73.7,8.15,609,71.8,5.0,2,3,1,0,Placed
STU1926,Male,89.08,94.05,8.08,447,39.4,5.0,0,4,2,0,Placed
STU1927,Female,71.87,85.99,9.02,558,68.3,3.7,0,1,1,0,Placed
STU1928,Male,75.43,59.85,5.43,458,34.2,4.0,2,1,2,0,Not Placed
STU1929,Female,71.05,81.13,8.43,678,80.3,4.0,1,5,1,0,Placed
STU1930,Male,80.09,73.53,7.33,357,48.5,2.9,0,2,3,0,Placed
STU1931,Male,62.04,74.19,6.79,450,56.7,2.4,0,0,3,3,Not Placed
STU1932,Male,68.66,76.2,8.01,619,66.7,4.2,1,0,2,0,Placed
STU1933,Male,74.68,69.94,8.24,623,60.2,3.5,3,1,2,1,Placed
STU1934,Male,85.49,69.29,7.94,688,73.9,2.2,1,2,2,0,Placed
STU1935,Male,69.42,73.94,8.69,483,74.4,2.8,1,2,3,0,Placed
STU1936,Female,50.94,77.8,6.73,617,50.4,3.4,1,1,3,0,Placed
STU1937,Female,60.48,78.36,6.62,475,30.0,1.5,1,3,3,0,Not Placed
STU1938,Male,68.2,70.84,6.05,617,76.5,2.7,1,3,3,0,Placed
STU1939,Female,83.15,93.07,9.43,694,68.7,5.0,0,2,1,0,Placed
STU1940,Female,84.11,67.8,8.43,769,55.7,5.0,0,2,4,0,Placed
STU1941,Female,94.57,45.0,7.18,529,55.8,3.8,1,1,2,0,Placed
STU1942,Male,56.52,72.13,6.22,604,72.4,2.3,1,3,1,0,Placed
STU1943,Male,77.24,76.82,8.31,475,78.5,3.8,1,1,3,1,Placed
STU1944,Male,70.04,66.64,7.58,513,68.3,4.1,0,2,2,0,Placed
STU1945,Female,72.9,63.79,6.7,608,53.7,4.1,0,4,0,0,Placed
STU1946,Male,67.91,87.43,7.61,535,64.2,4.3,1,0,1,0,Placed
STU1947,Male,69.52,52.1,6.9,539,57.8,3.2,0,1,3,0,Placed
STU1948,Female,66.44,70.62,6.36,487,63.8,3.4,3,1,1,0,Placed
STU1949,Female,76.04,54.54,5.98,572,87.8,2.6,2,3,2,0,Placed
STU1950,Male,67.33,60.48,6.97,610,82.2,3.9,1,3,3,3,Not Placed
STU1951,Male,72.6,78.46,7.47,404,60.8,3.0,1,2,0,0,Placed
STU1952,Male,79.44,89.28,10.0,890,74.7,3.5,0,2,1,0,Placed
STU1953,Female,66.56,84.16,7.67,659,77.0,3.8,1,1,1,0,Placed
STU1954,Female,88.45,84.8,8.75,612,80.9,2.5,1,0,2,0,Placed
STU1955,Male,60.5,69.39,7.14,530,73.3,3.1,0,2,1,0,Placed
STU1956,Female,63.76,70.75,7.62,577,71.0,3.8,1,1,3,0,Placed
STU1957,Male,79.63,87.42,8.4,579,58.8,3.5,1,1,1,0,Placed
STU1958,Male,81.96,85.61,8.73,459,66.9,3.2,3,5,2,1,Placed
STU1959,Male,82.81,64.91,7.81,534,77.3,4.1,1,3,1,0,Placed
STU1960,Male,73.28,58.84,7.34,555,80.6,1.5,2,0,2,0,Placed
STU1961,Male,66.33,76.92,7.34,474,57.4,3.3,0,2,3,0,Placed
STU1962,Male,56.65,72.24,4.5,410,73.6,3.8,1,4,1,0,Not Placed
STU1963,Male,83.98,79.35,8.04,746,76.7,3.3,0,3,1,1,Placed
STU1964,Male,77.44,77.51,7.85,666,69.8,4.5,2,1,1,0,Placed
STU1965,Female,88.48,78.0,8.16,541,90.5,2.1,1,3,0,0,Placed
STU1966,Male,65.65,54.58,5.97,666,67.3,3.6,1,2,1,0,Placed
STU1967,Female,70.7,69.85,6.84,548,37.4,3.5,2,2,1,0,Placed
STU1968,Male,89.69,66.91,6.43,461,65.8,3.2,3,2,4,1,Placed
STU1969,Male,70.66,81.88,8.59,543,69.5,3.2,1,1,1,0,Placed
STU1970,Male,85.46,71.94,9.37,748,87.5,3.6,1,1,1,0,Placed
STU1971,Male,63.81,53.74,5.21,356,78.1,2.4,0,3,1,0,Not Placed
STU1972,Female,82.25,54.16,4.89,306,48.3,4.1,0,1,1,0,Not Placed
STU1973,Female,74.42,80.09,8.84,892,47.8,4.1,1,2,2,1,Placed
STU1974,Male,67.03,74.42,6.0,620,67.8,3.8,3,3,0,1,Placed
STU1975,Male,59.34,58.79,5.69,516,85.2,3.4,1,1,0,0,Placed
STU1976,Female,56.51,82.73,5.78,681,67.2,2.8,2,1,4,0,Placed
STU1977,Male,48.31,74.84,5.98,639,56.2,3.9,0,2,0,0,Placed
STU1978,Female,89.19,77.43,9.12,588,64.8,4.1,0,1,3,3,Placed
STU1979,Female,81.06,90.56,8.95,751,61.9,3.5,1,4,1,0,Placed
STU1980,Male,74.52,68.13,8.36,467,85.8,3.7,1,2,0,0,Placed
STU1981,Male,77.37,69.6,5.09,449,67.0,2.7,0,2,2,0,Not Placed
STU1982,Female,82.63,81.6,7.48,712,63.8,2.6,2,3,0,0,Placed
STU1983,Female,73.13,74.5,8.06,703,75.7,3.3,0,1,2,0,Placed
STU1984,Female,59.48,68.2,7.39,445,77.6,4.1,1,2,3,0,Placed
STU1985,Male,78.84,72.17,7.73,669,94.7,3.8,0,1,1,0,Placed
STU1986,Female,77.86,56.83,6.2,510,47.4,2.8,0,1,2,2,Not Placed
STU1987,Female,71.9,89.94,7.09,569,53.9,2.5,0,2,0,0,Placed
STU1988,Female,77.54,75.63,7.28,587,54.5,3.3,2,1,1,3,Not Placed
STU1989,Female,62.44,69.67,9.3,577,86.2,4.9,0,0,2,0,Placed
STU1990,Male,80.27,59.65,7.23,460,70.6,5.0,1,2,0,0,Placed
STU1991,Female,81.72,54.71,7.92,857,46.7,2.5,0,4,3,0,Placed
STU1992,Female,81.32,62.35,8.42,877,83.5,3.5,1,1,3,0,Placed
STU1993,Male,67.79,73.27,7.65,418,81.2,1.7,0,3,2,0,Placed
STU1994,Female,95.73,82.13,8.62,929,90.7,4.4,3,1,1,0,Placed
STU1995,Male,78.89,76.38,8.66,784,51.6,3.7,0,1,2,0,Placed
STU1996,Female,80.23,64.64,6.91,896,41.3,4.6,0,2,1,1,Placed
STU1997,Female,72.88,62.16,8.97,959,58.7,2.8,1,3,2,1,Placed
STU1998,Male,59.55,53.21,5.4,611,55.2,4.1,1,2,2,3,Not Placed
STU1999,Male,75.07,62.3,5.8,459,55.4,3.2,2,3,1,1,Not Placed
STU2000,Male,81.26,65.11,6.46,411,72.4,1.6,1,1,2,0,Not Placed
